GraphName,Version,Nodes,Edges,Wall Time,CPU Time,Clusters,Modularity,MaxIterations,FirstMoveTime,MoveTime,CoarsenTime,RefineTime,Threads,CacheLevel,CacheMissCount,Refine,StablePartitioningTime,Scale,EdgeFactor,a,b,c,d
RMAT_20_32-0.570000-0.190000-0.190000-0.050000,PLM,1048576,33554432,27.6259,236.263,295912,0.053861,25,24207.9,25963.9,659.469,0,36,L1D,0,0,0,20,32,0.57,0.19,0.19,0.05
RMAT_20_32-0.570000-0.190000-0.190000-0.050000,ONPL,1048576,33554432,3.71652,64.6056,295931,0.0533278,25,2144.51,2219.51,602.61,0,36,LL,0,0,0,20,32,0.57,0.19,0.19,0.05
RMAT_20_32-0.330000-0.330000-0.330000-0.010000,PLM,1048576,33554432,38.4937,371.998,24061,0.0868054,25,22401.9,36357.9,760.321,0,36,L1D,0,0,0,20,32,0.33,0.33,0.33,0.01
RMAT_20_32-0.330000-0.330000-0.330000-0.010000,ONPL,1048576,33554432,4.61941,122.009,24065,0.115565,25,3122.04,3161.04,602.25,0,36,LL,0,0,0,20,32,0.33,0.33,0.33,0.01
RMAT_20_32-0.330000-0.330000-0.330000-0.010000,OVPL,1048576,33554432,21.8285,204.144,24131,0.0531337,25,15716.8,17654.8,1344.04,0,36,LL,0,0,0,20,32,0.33,0.33,0.33,0.01
RMAT_20_32-0.330000-0.330000-0.330000-0.010000,MPLM,1048576,33554432,4.11676,96.2609,24061,0.114175,25,2657.83,2713.83,591.725,0,36,LL,0,0,0,20,32,0.33,0.33,0.33,0.01
RMAT_20_32-0.330000-0.330000-0.330000-0.010000,PLP,1048576,33554432,0.602626,19.5701,24057,0,25,0,600,0,0,36,LL,0,0,0,20,32,0.33,0.33,0.33,0.01
RMAT_20_32-0.330000-0.330000-0.330000-0.010000,MPLP,1048576,33554432,0.427923,13.831,24057,0,25,0,369,0,0,36,LL,0,0,3.5e-08,20,32,0.33,0.33,0.33,0.01
RMAT_20_32-0.330000-0.330000-0.330000-0.010000,ONLP,1048576,33554432,0.245995,7.24195,24057,0,25,0,181,0,0,36,LL,0,0,4.8e-08,20,32,0.33,0.33,0.33,0.01
RMAT_20_32-0.400000-0.300000-0.200000-0.100000,PLM,1048576,33554432,26.9897,217.168,2688,0.0893947,25,25463.5,25510.5,607.134,0,36,L1D,0,0,0,20,32,0.4,0.3,0.2,0.1
RMAT_20_32-0.400000-0.300000-0.200000-0.100000,ONPL,1048576,33554432,2.98749,63.8191,2689,0.0898059,25,1522.33,1528.33,597.222,0,36,LL,0,0,0,20,32,0.4,0.3,0.2,0.1
RMAT_20_32-0.400000-0.300000-0.200000-0.100000,OVPL,1048576,33554432,7.45176,79.8978,2690,0.0902552,25,5206.08,5283.08,611.324,0,36,LL,0,0,0,20,32,0.4,0.3,0.2,0.1
RMAT_20_32-0.400000-0.300000-0.200000-0.100000,MPLM,1048576,33554432,3.12517,66.9485,2691,0.0894373,25,1680.03,1696.03,587.323,0,36,LL,0,0,0,20,32,0.4,0.3,0.2,0.1
RMAT_20_32-0.400000-0.300000-0.200000-0.100000,PLP,1048576,33554432,0.380581,12.1777,2679,0,25,0,378,0,0,36,LL,0,0,0,20,32,0.4,0.3,0.2,0.1
RMAT_20_32-0.400000-0.300000-0.200000-0.100000,MPLP,1048576,33554432,0.428721,12.1901,2679,0,25,0,307,0,0,36,LL,0,0,5.1e-08,20,32,0.4,0.3,0.2,0.1
RMAT_20_32-0.400000-0.300000-0.200000-0.100000,ONLP,1048576,33554432,0.317862,8.28887,2679,0,25,0,197,0,0,36,LL,0,0,6.9e-08,20,32,0.4,0.3,0.2,0.1
RMAT_20_16-0.570000-0.190000-0.190000-0.050000,PLM,1048576,16777216,20.7094,254.883,392585,0.0729042,25,10926.5,19263.5,505.156,0,36,L1D,0,0,0,20,16,0.57,0.19,0.19,0.05
RMAT_20_16-0.570000-0.190000-0.190000-0.050000,ONPL,1048576,16777216,3.23113,74.5334,392589,0.0729929,25,1798.59,1997.59,481.652,0,36,LL,0,0,0,20,16,0.57,0.19,0.19,0.05
RMAT_20_16-0.330000-0.330000-0.330000-0.010000,PLM,1048576,16777216,31.3447,295.922,58777,0.112991,25,10260.7,29171.7,886.836,0,36,L1D,0,0,0,20,16,0.33,0.33,0.33,0.01
RMAT_20_16-0.330000-0.330000-0.330000-0.010000,ONPL,1048576,16777216,3.98663,87.7694,58777,0.114383,25,1506.46,1940.46,690.894,0,36,LL,0,0,0,20,16,0.33,0.33,0.33,0.01
RMAT_20_16-0.330000-0.330000-0.330000-0.010000,OVPL,1048576,16777216,10.2503,111.841,58776,0.114923,25,7250.37,7696.37,804.809,0,36,LL,0,0,0,20,16,0.33,0.33,0.33,0.01
RMAT_20_16-0.330000-0.330000-0.330000-0.010000,MPLM,1048576,16777216,3.82528,88.6454,58777,0.115079,25,1449.86,2003.86,549.671,0,36,LL,0,0,0,20,16,0.33,0.33,0.33,0.01
RMAT_20_16-0.330000-0.330000-0.330000-0.010000,PLP,1048576,16777216,0.278949,9.8115,58768,0,25,0,276,0,0,36,LL,0,0,0,20,16,0.33,0.33,0.33,0.01
RMAT_20_16-0.330000-0.330000-0.330000-0.010000,MPLP,1048576,16777216,0.254723,7.82745,58769,-1.77636e-15,25,0,194,0,0,36,LL,0,0,4.78e-07,20,16,0.33,0.33,0.33,0.01
RMAT_20_16-0.330000-0.330000-0.330000-0.010000,ONLP,1048576,16777216,0.193337,5.93778,58768,0,25,0,137,0,0,36,LL,0,0,2.83e-07,20,16,0.33,0.33,0.33,0.01
RMAT_20_16-0.400000-0.300000-0.200000-0.100000,PLM,1048576,16777216,21.3283,280.764,14001,0.122848,25,15103.1,20075.1,457.354,0,36,L1D,0,0,0,20,16,0.4,0.3,0.2,0.1
RMAT_20_16-0.400000-0.300000-0.200000-0.100000,ONPL,1048576,16777216,2.87357,79.6922,14003,0.127583,25,1706.07,1816.07,375.435,0,36,LL,0,0,0,20,16,0.4,0.3,0.2,0.1
RMAT_20_16-0.400000-0.300000-0.200000-0.100000,OVPL,1048576,16777216,8.10932,99.8295,14008,0.122437,25,5999.76,6329.76,450.458,0,36,LL,0,0,0,20,16,0.4,0.3,0.2,0.1
RMAT_20_16-0.400000-0.300000-0.200000-0.100000,MPLM,1048576,16777216,3.00146,82.3356,14000,0.125548,25,1699.65,1909.65,425.085,0,36,LL,0,0,0,20,16,0.4,0.3,0.2,0.1
RMAT_20_16-0.400000-0.300000-0.200000-0.100000,PLP,1048576,16777216,0.217784,7.50437,13978,0,25,0,216,0,0,36,LL,0,0,0,20,16,0.4,0.3,0.2,0.1
RMAT_20_16-0.400000-0.300000-0.200000-0.100000,MPLP,1048576,16777216,0.274942,7.09326,13978,0,25,0,161,0,0,36,LL,0,0,4e-08,20,16,0.4,0.3,0.2,0.1
RMAT_20_16-0.400000-0.300000-0.200000-0.100000,ONLP,1048576,16777216,0.252127,6.2592,13978,0,25,0,138,0,0,36,LL,0,0,5.2e-08,20,16,0.4,0.3,0.2,0.1
RMAT_20_64-0.570000-0.190000-0.190000-0.050000,PLM,1048576,67108864,38.3501,175.793,210168,0.0391377,25,35830.5,35891.5,983.141,0,36,L1D,0,0,0,20,64,0.57,0.19,0.19,0.05
RMAT_20_64-0.570000-0.190000-0.190000-0.050000,ONPL,1048576,67108864,7.59356,88.4658,210161,0.0402227,25,5189.82,5191.82,950.785,0,36,LL,0,0,0,20,64,0.57,0.19,0.19,0.05
RMAT_20_64-0.330000-0.330000-0.330000-0.010000,PLM,1048576,67108864,44.7737,271.851,8172,0.113272,25,42386.6,42392.6,1026.5,0,36,L1D,0,0,0,20,64,0.33,0.33,0.33,0.01
RMAT_20_64-0.330000-0.330000-0.330000-0.010000,ONPL,1048576,67108864,6.51373,130.538,8173,0.114512,25,4201,4201,954.383,0,36,LL,0,0,0,20,64,0.33,0.33,0.33,0.01
RMAT_20_64-0.330000-0.330000-0.330000-0.010000,OVPL,1048576,67108864,14.4819,110.665,8172,0.108414,25,10850.2,10851.2,1082.79,0,36,LL,0,0,0,20,64,0.33,0.33,0.33,0.01
RMAT_20_64-0.330000-0.330000-0.330000-0.010000,MPLM,1048576,67108864,5.26197,90.7846,8173,0.115116,25,3026.43,3026.43,950.802,0,36,LL,0,0,0,20,64,0.33,0.33,0.33,0.01
RMAT_20_64-0.330000-0.330000-0.330000-0.010000,PLP,1048576,67108864,0.887879,27.7977,8167,0,25,0,884,0,0,36,LL,0,0,0,20,64,0.33,0.33,0.33,0.01
RMAT_20_64-0.330000-0.330000-0.330000-0.010000,MPLP,1048576,67108864,0.912497,28.3317,8167,0,25,0,790,0,0,36,LL,0,0,5.5e-08,20,64,0.33,0.33,0.33,0.01
RMAT_20_64-0.330000-0.330000-0.330000-0.010000,ONLP,1048576,67108864,0.424238,8.93453,8167,0,25,0,301,0,0,36,LL,0,0,5.3e-08,20,64,0.33,0.33,0.33,0.01
RMAT_20_64-0.400000-0.300000-0.200000-0.100000,PLM,1048576,67108864,45.1309,231.813,286,0.0639132,25,43054.8,43054.8,492.074,0,36,L1D,0,0,0,20,64,0.4,0.3,0.2,0.1
RMAT_20_64-0.400000-0.300000-0.200000-0.100000,ONPL,1048576,67108864,4.89991,81.2313,289,0.0620134,25,2904.89,2904.89,504.739,0,36,LL,0,0,0,20,64,0.4,0.3,0.2,0.1
RMAT_20_64-0.400000-0.300000-0.200000-0.100000,OVPL,1048576,67108864,12.5496,108.921,285,0.0575447,25,9668.07,9671.07,344.907,0,36,LL,0,0,0,20,64,0.4,0.3,0.2,0.1
RMAT_20_64-0.400000-0.300000-0.200000-0.100000,MPLM,1048576,67108864,4.44814,83.0064,286,0.0630642,25,2644.45,2644.45,326.89,0,36,LL,0,0,0,20,64,0.4,0.3,0.2,0.1
RMAT_20_64-0.400000-0.300000-0.200000-0.100000,PLP,1048576,67108864,0.807009,24.2282,278,0,25,0,804,0,0,36,LL,0,0,0,20,64,0.4,0.3,0.2,0.1
RMAT_20_64-0.400000-0.300000-0.200000-0.100000,MPLP,1048576,67108864,0.870161,26.5071,278,0,25,0,751,0,0,36,LL,0,0,6.2e-08,20,64,0.4,0.3,0.2,0.1
RMAT_20_64-0.400000-0.300000-0.200000-0.100000,ONLP,1048576,67108864,0.494726,12.0029,278,0,25,0,373,0,0,36,LL,0,0,3.5e-08,20,64,0.4,0.3,0.2,0.1
RMAT_20_128-0.570000-0.190000-0.190000-0.050000,PLM,1048576,134217728,88.4841,287.964,138372,0.0334519,25,83951.5,83967.5,1813.49,0,36,L1D,0,0,0,20,128,0.57,0.19,0.19,0.05
RMAT_20_128-0.570000-0.190000-0.190000-0.050000,ONPL,1048576,134217728,14.759,124.396,138369,0.0329377,25,10335.8,10335.8,1790.29,0,36,LL,0,0,0,20,128,0.57,0.19,0.19,0.05
RMAT_20_128-0.330000-0.330000-0.330000-0.010000,PLM,1048576,134217728,81.9764,317.582,2158,0.109778,25,77652.4,77652.4,1877.71,0,36,L1D,0,0,0,20,128,0.33,0.33,0.33,0.01
RMAT_20_128-0.330000-0.330000-0.330000-0.010000,ONPL,1048576,134217728,10.8584,144.684,2161,0.111607,25,6709.39,6709.39,1730.46,0,36,LL,0,0,0,20,128,0.33,0.33,0.33,0.01
RMAT_20_128-0.330000-0.330000-0.330000-0.010000,OVPL,1048576,134217728,24.0724,144.12,2157,0.105706,25,18374.8,18374.8,1922.59,0,36,LL,0,0,0,20,128,0.33,0.33,0.33,0.01
RMAT_20_128-0.330000-0.330000-0.330000-0.010000,MPLM,1048576,134217728,8.44324,122.43,2161,0.112164,25,4518.09,4518.09,1673.32,0,36,LL,0,0,0,20,128,0.33,0.33,0.33,0.01
RMAT_20_128-0.330000-0.330000-0.330000-0.010000,PLP,1048576,134217728,1.69184,52.6037,2153,0,25,0,1684,0,0,36,LL,0,0,0,20,128,0.33,0.33,0.33,0.01
RMAT_20_128-0.330000-0.330000-0.330000-0.010000,MPLP,1048576,134217728,1.82382,55.0303,2153,0,25,0,1699,0,0,36,LL,0,0,5.6e-08,20,128,0.33,0.33,0.33,0.01
RMAT_20_128-0.330000-0.330000-0.330000-0.010000,ONLP,1048576,134217728,0.760855,15.2293,2153,0,25,0,637,0,0,36,LL,0,0,6.3e-08,20,128,0.33,0.33,0.33,0.01
RMAT_20_128-0.400000-0.300000-0.200000-0.100000,PLM,1048576,134217728,80.7065,278.125,28,0.0427946,25,77632.1,77632.1,304.906,0,36,L1D,0,0,0,20,128,0.4,0.3,0.2,0.1
RMAT_20_128-0.400000-0.300000-0.200000-0.100000,ONPL,1048576,134217728,8.17282,105.921,28,0.0426406,25,5142.85,5142.85,291.167,0,36,LL,0,0,0,20,128,0.4,0.3,0.2,0.1
RMAT_20_2-0.570000-0.190000-0.190000-0.050000,PLM,1048576,2097152,5.04612,123.87,696597,0.208828,25,1152.45,4175.45,325.821,0,36,L1D,0,0,0,20,2,0.57,0.19,0.19,0.05
RMAT_20_2-0.570000-0.190000-0.190000-0.050000,ONPL,1048576,2097152,1.52324,44.8639,696600,0.209564,25,180.92,364.92,352.517,0,36,LL,0,0,0,20,2,0.57,0.19,0.19,0.05
RMAT_20_2-0.570000-0.190000-0.190000-0.050000,OVPL,1048576,2097152,4.0245,79.4456,696602,0.209795,25,2123.36,2799.36,301.304,0,36,LL,0,0,0,20,2,0.57,0.19,0.19,0.05
RMAT_20_2-0.570000-0.190000-0.190000-0.050000,MPLM,1048576,2097152,1.23846,39.0717,696599,0.210114,25,181.423,519.423,238.352,0,36,LL,0,0,0,20,2,0.57,0.19,0.19,0.05
RMAT_20_2-0.570000-0.190000-0.190000-0.050000,PLP,1048576,2097152,0.119724,4.2209,696613,0.00172157,25,0,115,0,0,36,LL,0,0,0,20,2,0.57,0.19,0.19,0.05
RMAT_20_2-0.570000-0.190000-0.190000-0.050000,MPLP,1048576,2097152,0.149765,2.83458,696626,0.00173204,25,0,47,0,0,36,LL,0,0,9.5e-08,20,2,0.57,0.19,0.19,0.05
RMAT_20_2-0.570000-0.190000-0.190000-0.050000,ONLP,1048576,2097152,0.137638,3.24281,696608,0.00171395,25,0,60,0,0,36,LL,0,0,4.11e-07,20,2,0.57,0.19,0.19,0.05
RMAT_20_2-0.330000-0.330000-0.330000-0.010000,PLM,1048576,2097152,8.36172,222.468,352083,0.360109,25,2092.91,7462.91,327.614,0,36,L1D,0,0,0,20,2,0.33,0.33,0.33,0.01
RMAT_20_2-0.330000-0.330000-0.330000-0.010000,ONPL,1048576,2097152,1.80792,58.2583,352082,0.36023,25,536.05,891.05,256.123,0,36,LL,0,0,0,20,2,0.33,0.33,0.33,0.01
RMAT_20_2-0.330000-0.330000-0.330000-0.010000,OVPL,1048576,2097152,2.56814,69.7489,352081,0.360108,25,973.084,1442.08,267.668,0,36,LL,0,0,0,20,2,0.33,0.33,0.33,0.01
RMAT_20_2-0.330000-0.330000-0.330000-0.010000,MPLM,1048576,2097152,1.77654,58.5786,352083,0.360349,25,544.298,998.298,228.106,0,36,LL,0,0,0,20,2,0.33,0.33,0.33,0.01
RMAT_20_2-0.330000-0.330000-0.330000-0.010000,PLP,1048576,2097152,0.32712,11.6914,352232,0.00035853,25,0,323,0,0,36,LL,0,0,0,20,2,0.33,0.33,0.33,0.01
RMAT_20_2-0.330000-0.330000-0.330000-0.010000,MPLP,1048576,2097152,0.213175,5.36716,352882,0.000380327,25,0,117,0,0,36,LL,0,0,3.1e-07,20,2,0.33,0.33,0.33,0.01
RMAT_20_2-0.330000-0.330000-0.330000-0.010000,ONLP,1048576,2097152,0.202837,5.19623,352071,0.000358547,25,0,111,0,0,36,LL,0,0,4e-08,20,2,0.33,0.33,0.33,0.01
RMAT_20_2-0.400000-0.300000-0.200000-0.100000,PLM,1048576,2097152,9.36463,245.847,271617,0.395988,25,2410.12,8351.12,331.487,0,36,L1D,0,0,0,20,2,0.4,0.3,0.2,0.1
RMAT_20_2-0.400000-0.300000-0.200000-0.100000,ONPL,1048576,2097152,2.17349,69.6228,271618,0.397019,25,578.15,981.15,419.794,0,36,LL,0,0,0,20,2,0.4,0.3,0.2,0.1
RMAT_20_2-0.400000-0.300000-0.200000-0.100000,OVPL,1048576,2097152,3.13254,85.0155,271618,0.397292,25,1070.5,1587.5,350.838,0,36,LL,0,0,0,20,2,0.4,0.3,0.2,0.1
RMAT_20_2-0.400000-0.300000-0.200000-0.100000,MPLM,1048576,2097152,1.93864,62.6583,271619,0.396544,25,501.485,1086.49,281.405,0,36,LL,0,0,0,20,2,0.4,0.3,0.2,0.1
RMAT_20_2-0.400000-0.300000-0.200000-0.100000,PLP,1048576,2097152,0.177241,6.32114,272145,0.010192,25,0,172,0,0,36,LL,0,0,0,20,2,0.4,0.3,0.2,0.1
RMAT_20_2-0.400000-0.300000-0.200000-0.100000,MPLP,1048576,2097152,0.207265,5.25822,272387,0.00998831,25,0,111,0,0,36,LL,0,0,1.52e-07,20,2,0.4,0.3,0.2,0.1
RMAT_20_2-0.400000-0.300000-0.200000-0.100000,ONLP,1048576,2097152,0.181935,4.29386,271918,0.00955128,25,0,84,0,0,36,LL,0,0,6.9e-08,20,2,0.4,0.3,0.2,0.1
RMAT_20_4-0.570000-0.190000-0.190000-0.050000,PLM,1048576,4194304,9.82548,189.959,598801,0.145673,25,3027.3,8809.3,366.704,0,36,L1D,0,0,0,20,4,0.57,0.19,0.19,0.05
RMAT_20_4-0.570000-0.190000-0.190000-0.050000,ONPL,1048576,4194304,2.07298,60.1431,598801,0.144646,25,685.903,988.903,340.059,0,36,LL,0,0,0,20,4,0.57,0.19,0.19,0.05
RMAT_20_4-0.570000-0.190000-0.190000-0.050000,OVPL,1048576,4194304,6.44887,78.2593,598798,0.147083,25,4606.32,5138.32,352.44,0,36,LL,0,0,0,20,4,0.57,0.19,0.19,0.05
RMAT_20_4-0.570000-0.190000-0.190000-0.050000,MPLM,1048576,4194304,2.00013,60.7187,598799,0.146703,25,721.667,1095.67,291.708,0,36,LL,0,0,0,20,4,0.57,0.19,0.19,0.05
RMAT_20_4-0.570000-0.190000-0.190000-0.050000,PLP,1048576,4194304,0.140143,4.65413,598790,0.000454373,25,0,137,0,0,36,LL,0,0,0,20,4,0.57,0.19,0.19,0.05
RMAT_20_4-0.570000-0.190000-0.190000-0.050000,MPLP,1048576,4194304,0.164753,4.09136,598794,0.00045628,25,0,87,0,0,36,LL,0,0,7.7e-08,20,4,0.57,0.19,0.19,0.05
RMAT_20_4-0.570000-0.190000-0.190000-0.050000,ONLP,1048576,4194304,0.138182,3.18566,598792,0.00045628,25,0,60,0,0,36,LL,0,0,3.7e-08,20,4,0.57,0.19,0.19,0.05
RMAT_20_4-0.330000-0.330000-0.330000-0.010000,PLM,1048576,4194304,11.6543,270.175,220952,0.245127,25,3875.1,10589.1,396.636,0,36,L1D,0,0,0,20,4,0.33,0.33,0.33,0.01
RMAT_20_4-0.330000-0.330000-0.330000-0.010000,ONPL,1048576,4194304,2.2195,67.6744,220939,0.244731,25,798.537,1253.54,311.859,0,36,LL,0,0,0,20,4,0.33,0.33,0.33,0.01
RMAT_20_4-0.330000-0.330000-0.330000-0.010000,OVPL,1048576,4194304,3.48521,85.5395,220956,0.249711,25,1594.55,2027.55,356.48,0,36,LL,0,0,0,20,4,0.33,0.33,0.33,0.01
RMAT_20_4-0.330000-0.330000-0.330000-0.010000,MPLM,1048576,4194304,2.20583,66.9204,220949,0.249052,25,897.912,1374.91,279.41,0,36,LL,0,0,0,20,4,0.33,0.33,0.33,0.01
RMAT_20_4-0.330000-0.330000-0.330000-0.010000,PLP,1048576,4194304,0.250604,8.71432,220934,1.4305e-05,25,0,247,0,0,36,LL,0,0,0,20,4,0.33,0.33,0.33,0.01
RMAT_20_4-0.330000-0.330000-0.330000-0.010000,MPLP,1048576,4194304,0.222868,5.30862,220997,1.52585e-05,25,0,113,0,0,36,LL,0,0,1.14e-07,20,4,0.33,0.33,0.33,0.01
RMAT_20_4-0.330000-0.330000-0.330000-0.010000,ONLP,1048576,4194304,0.180504,4.29543,220921,1.43051e-05,25,0,84,0,0,36,LL,0,0,4.1e-08,20,4,0.33,0.33,0.33,0.01
RMAT_20_4-0.400000-0.300000-0.200000-0.100000,PLM,1048576,4194304,13.8544,296.122,133908,0.25707,25,4383.68,12749.7,381.104,0,36,L1D,0,0,0,20,4,0.4,0.3,0.2,0.1
RMAT_20_4-0.400000-0.300000-0.200000-0.100000,ONPL,1048576,4194304,2.50658,74.8149,133905,0.25701,25,834.137,1331.14,347.126,0,36,LL,0,0,0,20,4,0.4,0.3,0.2,0.1
RMAT_20_4-0.400000-0.300000-0.200000-0.100000,OVPL,1048576,4194304,4.31424,92.9453,133912,0.257128,25,2262.73,2902.73,347.871,0,36,LL,0,0,0,20,4,0.4,0.3,0.2,0.1
RMAT_20_4-0.400000-0.300000-0.200000-0.100000,MPLM,1048576,4194304,2.62381,79.3279,133907,0.257222,25,1033.4,1619.4,295.766,0,36,LL,0,0,0,20,4,0.4,0.3,0.2,0.1
RMAT_20_4-0.400000-0.300000-0.200000-0.100000,PLP,1048576,4194304,0.147089,5.09341,133902,0.000218379,25,0,143,0,0,36,LL,0,0,0,20,4,0.4,0.3,0.2,0.1
RMAT_20_4-0.400000-0.300000-0.200000-0.100000,MPLP,1048576,4194304,0.206362,4.85857,133918,0.000217902,25,0,103,0,0,36,LL,0,0,3.6e-08,20,4,0.4,0.3,0.2,0.1
RMAT_20_4-0.400000-0.300000-0.200000-0.100000,ONLP,1048576,4194304,0.210107,4.75995,133895,0.000217902,25,0,97,0,0,36,LL,0,0,3.13e-07,20,4,0.4,0.3,0.2,0.1
RMAT_20_8-0.570000-0.190000-0.190000-0.050000,PLM,1048576,8388608,19.1159,254.047,496063,0.102669,25,6911.17,17656.2,534.209,0,36,L1D,0,0,0,20,8,0.57,0.19,0.19,0.05
RMAT_20_8-0.570000-0.190000-0.190000-0.050000,ONPL,1048576,8388608,2.8313,82.3034,496071,0.101045,25,1415.53,1663.53,391.833,0,36,LL,0,0,0,20,8,0.57,0.19,0.19,0.05
RMAT_20_8-0.570000-0.190000-0.190000-0.050000,OVPL,1048576,8388608,12.3481,91.368,496066,0.101632,25,9960.67,10476.7,483.894,0,36,LL,0,0,0,20,8,0.57,0.19,0.19,0.05
RMAT_20_8-0.570000-0.190000-0.190000-0.050000,MPLM,1048576,8388608,2.79498,72.863,496062,0.101611,25,1126.48,1677.48,338.276,0,36,LL,0,0,0,20,8,0.57,0.19,0.19,0.05
RMAT_20_8-0.570000-0.190000-0.190000-0.050000,PLP,1048576,8388608,0.225698,6.01872,496046,9.10738e-05,25,0,222,0,0,36,LL,0,0,0,20,8,0.57,0.19,0.19,0.05
RMAT_20_8-0.570000-0.190000-0.190000-0.050000,MPLP,1048576,8388608,0.249278,6.1553,496048,9.13122e-05,25,0,158,0,0,36,LL,0,0,3.9e-08,20,8,0.57,0.19,0.19,0.05
RMAT_20_8-0.570000-0.190000-0.190000-0.050000,ONLP,1048576,8388608,0.179882,4.41824,496047,9.10738e-05,25,0,94,0,0,36,LL,0,0,4.6e-08,20,8,0.57,0.19,0.19,0.05
RMAT_20_8-0.330000-0.330000-0.330000-0.010000,PLM,1048576,8388608,17.3026,194.04,122283,0.169604,25,6060.92,15969.9,530.357,0,36,L1D,0,0,0,20,8,0.33,0.33,0.33,0.01
RMAT_20_8-0.330000-0.330000-0.330000-0.010000,ONPL,1048576,8388608,2.63789,66.2436,122288,0.169815,25,1029.44,1340.44,466.94,0,36,LL,0,0,0,20,8,0.33,0.33,0.33,0.01
RMAT_20_8-0.330000-0.330000-0.330000-0.010000,OVPL,1048576,8388608,5.58748,81.7391,122286,0.169327,25,3288.64,3856.64,596.229,0,36,LL,0,0,0,20,8,0.33,0.33,0.33,0.01
RMAT_20_8-0.330000-0.330000-0.330000-0.010000,MPLM,1048576,8388608,2.78795,68.1566,122288,0.169148,25,1218.08,1566.08,436.217,0,36,LL,0,0,0,20,8,0.33,0.33,0.33,0.01
RMAT_20_8-0.330000-0.330000-0.330000-0.010000,PLP,1048576,8388608,0.484701,16.9681,122266,2.38419e-07,25,0,482,0,0,36,LL,0,0,0,20,8,0.33,0.33,0.33,0.01
RMAT_20_8-0.330000-0.330000-0.330000-0.010000,MPLP,1048576,8388608,0.234715,5.50718,122271,2.38418e-07,25,0,126,0,0,36,LL,0,0,1.11e-07,20,8,0.33,0.33,0.33,0.01
RMAT_20_8-0.330000-0.330000-0.330000-0.010000,ONLP,1048576,8388608,0.248144,5.76856,122264,2.38419e-07,25,0,135,0,0,36,LL,0,0,5.2e-08,20,8,0.33,0.33,0.33,0.01
RMAT_20_8-0.400000-0.300000-0.200000-0.100000,PLM,1048576,8388608,19.3051,240.87,51182,0.17912,25,7323.27,17861.3,553.368,0,36,L1D,0,0,0,20,8,0.4,0.3,0.2,0.1
RMAT_20_8-0.400000-0.300000-0.200000-0.100000,ONPL,1048576,8388608,2.89903,75.526,51132,0.17892,25,1189.37,1585.37,439.074,0,36,LL,0,0,0,20,8,0.4,0.3,0.2,0.1
RMAT_20_8-0.400000-0.300000-0.200000-0.100000,OVPL,1048576,8388608,6.39156,87.8289,51096,0.180305,25,4175.08,4696.08,526.023,0,36,LL,0,0,0,20,8,0.4,0.3,0.2,0.1
RMAT_20_8-0.400000-0.300000-0.200000-0.100000,MPLM,1048576,8388608,2.87649,76.1643,51157,0.179875,25,1299.88,1726.88,424.589,0,36,LL,0,0,0,20,8,0.4,0.3,0.2,0.1
RMAT_20_8-0.400000-0.300000-0.200000-0.100000,PLP,1048576,8388608,0.166901,5.84878,51050,9.2983e-06,25,0,164,0,0,36,LL,0,0,0,20,8,0.4,0.3,0.2,0.1
RMAT_20_8-0.400000-0.300000-0.200000-0.100000,MPLP,1048576,8388608,0.204871,5.16396,51052,9.2983e-06,25,0,113,0,0,36,LL,0,0,1.02e-07,20,8,0.4,0.3,0.2,0.1
RMAT_20_8-0.400000-0.300000-0.200000-0.100000,ONLP,1048576,8388608,0.19642,4.86012,51050,9.2983e-06,25,0,106,0,0,36,LL,0,0,1.18e-07,20,8,0.4,0.3,0.2,0.1
RMAT_17_32-0.570000-0.190000-0.190000-0.050000,PLM,131072,4194304,2.43339,48.5393,26772,0.0598171,25,2218.18,2248.18,57.3298,0,36,L1D,0,0,0,17,32,0.57,0.19,0.19,0.05
RMAT_17_32-0.570000-0.190000-0.190000-0.050000,ONPL,131072,4194304,0.263242,7.44291,26775,0.060244,25,99.7982,100.798,55.9449,0,36,LL,0,0,0,17,32,0.57,0.19,0.19,0.05
RMAT_17_32-0.330000-0.330000-0.330000-0.010000,PLM,131072,4194304,2.95688,74.191,1617,0.120896,25,2776.59,2796.59,55.2918,0,36,L1D,0,0,0,17,32,0.33,0.33,0.33,0.01
RMAT_17_32-0.330000-0.330000-0.330000-0.010000,ONPL,131072,4194304,0.619624,20.4714,1616,0.118457,25,448.471,466.471,56.8447,0,36,LL,0,0,0,17,32,0.33,0.33,0.33,0.01
RMAT_17_32-0.330000-0.330000-0.330000-0.010000,OVPL,131072,4194304,0.604926,17.7009,1618,0.123667,25,364.409,365.409,50.9552,0,36,LL,0,0,0,17,32,0.33,0.33,0.33,0.01
RMAT_17_32-0.330000-0.330000-0.330000-0.010000,MPLM,131072,4194304,0.766057,26.2287,1616,0.120988,25,633.46,640.46,44.0961,0,36,LL,0,0,0,17,32,0.33,0.33,0.33,0.01
RMAT_17_32-0.330000-0.330000-0.330000-0.010000,PLP,131072,4194304,0.105951,3.68077,1611,0,25,0,104,0,0,36,LL,0,0,0,17,32,0.33,0.33,0.33,0.01
RMAT_17_32-0.330000-0.330000-0.330000-0.010000,MPLP,131072,4194304,0.121955,4.24762,1611,0,25,0,98,0,0,36,LL,0,0,5.2e-08,17,32,0.33,0.33,0.33,0.01
RMAT_17_32-0.330000-0.330000-0.330000-0.010000,ONLP,131072,4194304,0.0455876,1.62152,1611,0,25,0,22,0,0,36,LL,0,0,3.7e-08,17,32,0.33,0.33,0.33,0.01
RMAT_17_32-0.400000-0.300000-0.200000-0.100000,PLM,131072,4194304,2.55078,69.6291,190,0.092121,25,2411.83,2428.83,15.7967,0,36,L1D,0,0,0,17,32,0.4,0.3,0.2,0.1
RMAT_17_32-0.400000-0.300000-0.200000-0.100000,ONPL,131072,4194304,0.195288,6.42776,189,0.0903631,25,85.2992,86.2992,15.4385,0,36,LL,0,0,0,17,32,0.4,0.3,0.2,0.1
RMAT_17_32-0.400000-0.300000-0.200000-0.100000,OVPL,131072,4194304,0.57361,17.3716,186,0.079758,25,345.478,349.478,13.8705,0,36,LL,0,0,0,17,32,0.4,0.3,0.2,0.1
RMAT_17_32-0.400000-0.300000-0.200000-0.100000,MPLM,131072,4194304,0.241932,8.14579,190,0.0914463,25,139.72,140.72,17.6408,0,36,LL,0,0,0,17,32,0.4,0.3,0.2,0.1
RMAT_17_32-0.400000-0.300000-0.200000-0.100000,PLP,131072,4194304,0.110608,3.94957,180,0,25,0,109,0,0,36,LL,0,0,0,17,32,0.4,0.3,0.2,0.1
RMAT_17_32-0.400000-0.300000-0.200000-0.100000,MPLP,131072,4194304,0.127628,4.56465,180,0,25,0,106,0,0,36,LL,0,0,4.4e-08,17,32,0.4,0.3,0.2,0.1
RMAT_17_32-0.400000-0.300000-0.200000-0.100000,ONLP,131072,4194304,0.0433718,1.54362,180,0,25,0,21,0,0,36,LL,0,0,4.3e-08,17,32,0.4,0.3,0.2,0.1
RMAT_17_16-0.570000-0.190000-0.190000-0.050000,PLM,131072,2097152,1.41069,40.1523,38555,0.0828053,25,1073.89,1228.89,43.6563,0,36,L1D,0,0,0,17,16,0.57,0.19,0.19,0.05
RMAT_17_16-0.570000-0.190000-0.190000-0.050000,ONPL,131072,2097152,0.302438,10.59,38556,0.0827321,25,187.371,193.371,35.9344,0,36,LL,0,0,0,17,16,0.57,0.19,0.19,0.05
RMAT_17_16-0.330000-0.330000-0.330000-0.010000,PLM,131072,2097152,3.74634,103.727,4881,0.116882,25,1162.49,3437.49,104.256,0,36,L1D,0,0,0,17,16,0.33,0.33,0.33,0.01
RMAT_17_16-0.330000-0.330000-0.330000-0.010000,ONPL,131072,2097152,0.6336,22.3465,4881,0.13144,25,504.157,532.157,30.3293,0,36,LL,0,0,0,17,16,0.33,0.33,0.33,0.01
RMAT_17_16-0.330000-0.330000-0.330000-0.010000,OVPL,131072,2097152,0.960875,29.7963,4885,0.11513,25,433.133,598.133,89.1401,0,36,LL,0,0,0,17,16,0.33,0.33,0.33,0.01
RMAT_17_16-0.330000-0.330000-0.330000-0.010000,MPLM,131072,2097152,0.496737,16.5514,4885,0.115209,25,155.334,301.334,54.1111,0,36,LL,0,0,0,17,16,0.33,0.33,0.33,0.01
RMAT_17_16-0.330000-0.330000-0.330000-0.010000,PLP,131072,2097152,0.0650043,2.3157,4872,0,25,0,63,0,0,36,LL,0,0,0,17,16,0.33,0.33,0.33,0.01
RMAT_17_16-0.330000-0.330000-0.330000-0.010000,MPLP,131072,2097152,0.06062,2.16192,4872,0,25,0,49,0,0,36,LL,0,0,2.18e-07,17,16,0.33,0.33,0.33,0.01
RMAT_17_16-0.330000-0.330000-0.330000-0.010000,ONLP,131072,2097152,0.0251261,0.891828,4872,0,25,0,15,0,0,36,LL,0,0,5.7e-08,17,16,0.33,0.33,0.33,0.01
RMAT_17_16-0.400000-0.300000-0.200000-0.100000,PLM,131072,2097152,1.48189,41.0525,1124,0.132565,25,1236.76,1335.76,34.1856,0,36,L1D,0,0,0,17,16,0.4,0.3,0.2,0.1
RMAT_17_16-0.400000-0.300000-0.200000-0.100000,ONPL,131072,2097152,0.370927,13.2051,1124,0.132022,25,251.459,276.459,31.0067,0,36,LL,0,0,0,17,16,0.4,0.3,0.2,0.1
RMAT_17_16-0.400000-0.300000-0.200000-0.100000,OVPL,131072,2097152,0.541164,11.2646,1125,0.129815,25,300.098,315.098,32.4705,0,36,LL,0,0,0,17,16,0.4,0.3,0.2,0.1
RMAT_17_16-0.400000-0.300000-0.200000-0.100000,MPLM,131072,2097152,0.3193,11.2256,1123,0.133159,25,217.309,229.309,32.2342,0,36,LL,0,0,0,17,16,0.4,0.3,0.2,0.1
RMAT_17_16-0.400000-0.300000-0.200000-0.100000,PLP,131072,2097152,0.0716318,2.55663,1113,0,25,0,69,0,0,36,LL,0,0,0,17,16,0.4,0.3,0.2,0.1
RMAT_17_16-0.400000-0.300000-0.200000-0.100000,MPLP,131072,2097152,0.0746181,2.66051,1113,0,25,0,50,0,0,36,LL,0,0,3.4e-08,17,16,0.4,0.3,0.2,0.1
RMAT_17_16-0.400000-0.300000-0.200000-0.100000,ONLP,131072,2097152,0.0392874,1.39933,1113,0,25,0,15,0,0,36,LL,0,0,3.5e-08,17,16,0.4,0.3,0.2,0.1
RMAT_17_64-0.570000-0.190000-0.190000-0.050000,PLM,131072,8388608,5.02552,75.6881,16988,0.0459644,25,4666.42,4670.42,120.304,0,36,L1D,0,0,0,17,64,0.57,0.19,0.19,0.05
RMAT_17_64-0.570000-0.190000-0.190000-0.050000,ONPL,131072,8388608,0.721273,20.8249,16987,0.0453283,25,464.415,465.415,89.8416,0,36,LL,0,0,0,17,64,0.57,0.19,0.19,0.05
RMAT_17_64-0.330000-0.330000-0.330000-0.010000,PLM,131072,8388608,5.07959,73.3494,474,0.112602,25,4836.97,4836.97,68.525,0,36,L1D,0,0,0,17,64,0.33,0.33,0.33,0.01
RMAT_17_64-0.330000-0.330000-0.330000-0.010000,ONPL,131072,8388608,0.381686,10.431,477,0.117424,25,195.458,195.458,39.1679,0,36,LL,0,0,0,17,64,0.33,0.33,0.33,0.01
RMAT_17_64-0.330000-0.330000-0.330000-0.010000,OVPL,131072,8388608,1.11235,31.0207,475,0.115885,25,761.995,761.995,55.1693,0,36,LL,0,0,0,17,64,0.33,0.33,0.33,0.01
RMAT_17_64-0.330000-0.330000-0.330000-0.010000,MPLM,131072,8388608,0.453003,12.893,477,0.115467,25,274.228,274.228,42.7417,0,36,LL,0,0,0,17,64,0.33,0.33,0.33,0.01
RMAT_17_64-0.330000-0.330000-0.330000-0.010000,PLP,131072,8388608,0.189671,6.77641,469,0,25,0,187,0,0,36,LL,0,0,0,17,64,0.33,0.33,0.33,0.01
RMAT_17_64-0.330000-0.330000-0.330000-0.010000,MPLP,131072,8388608,0.222002,7.9316,469,0,25,0,200,0,0,36,LL,0,0,3.4e-08,17,64,0.33,0.33,0.33,0.01
RMAT_17_64-0.330000-0.330000-0.330000-0.010000,ONLP,131072,8388608,0.0613751,2.16977,469,0,25,0,39,0,0,36,LL,0,0,3.5e-08,17,64,0.33,0.33,0.33,0.01
RMAT_17_64-0.400000-0.300000-0.200000-0.100000,PLM,131072,8388608,4.94074,76.1384,24,0.063693,25,4722.41,4722.41,15.7868,0,36,L1D,0,0,0,17,64,0.4,0.3,0.2,0.1
RMAT_17_64-0.400000-0.300000-0.200000-0.100000,ONPL,131072,8388608,0.772236,24.6917,15,0.048748,25,590.392,590.392,17.7055,0,36,LL,0,0,0,17,64,0.4,0.3,0.2,0.1
RMAT_17_128-0.570000-0.190000-0.190000-0.050000,PLM,131072,16777216,10.1906,90.3241,9688,0.0417184,25,9661.01,9662.01,195.434,0,36,L1D,0,0,0,17,128,0.57,0.19,0.19,0.05
RMAT_17_128-0.570000-0.190000-0.190000-0.050000,ONPL,131072,16777216,1.08847,22.5326,9687,0.0422523,25,513.26,513.26,209.637,0,36,LL,0,0,0,17,128,0.57,0.19,0.19,0.05
RMAT_17_128-0.330000-0.330000-0.330000-0.010000,PLM,131072,16777216,8.65057,88.8915,99,0.111174,25,8303.13,8303.13,38.4018,0,36,L1D,0,0,0,17,128,0.33,0.33,0.33,0.01
RMAT_17_128-0.330000-0.330000-0.330000-0.010000,ONPL,131072,16777216,1.5949,49.7515,102,0.112941,25,1291.57,1291.57,24.0913,0,36,LL,0,0,0,17,128,0.33,0.33,0.33,0.01
RMAT_17_128-0.330000-0.330000-0.330000-0.010000,OVPL,131072,16777216,2.40504,45.0954,101,0.110196,25,1826.28,1829.28,123.06,0,36,LL,0,0,0,17,128,0.33,0.33,0.33,0.01
RMAT_17_128-0.330000-0.330000-0.330000-0.010000,MPLM,131072,16777216,0.789967,21.974,102,0.11233,25,510.424,510.424,19.6317,0,36,LL,0,0,0,17,128,0.33,0.33,0.33,0.01
RMAT_17_128-0.330000-0.330000-0.330000-0.010000,PLP,131072,16777216,0.377807,13.5487,93,0,25,0,376,0,0,36,LL,0,0,0,17,128,0.33,0.33,0.33,0.01
RMAT_17_128-0.330000-0.330000-0.330000-0.010000,MPLP,131072,16777216,0.412511,14.7898,93,0,25,0,389,0,0,36,LL,0,0,3.7e-08,17,128,0.33,0.33,0.33,0.01
RMAT_17_128-0.330000-0.330000-0.330000-0.010000,ONLP,131072,16777216,0.0957556,3.42136,93,0,25,0,72,0,0,36,LL,0,0,2.9e-08,17,128,0.33,0.33,0.33,0.01
RMAT_17_128-0.400000-0.300000-0.200000-0.100000,PLM,131072,16777216,8.98756,91.3298,10,0.0443155,25,8576.01,8576.01,31.174,0,36,L1D,0,0,0,17,128,0.4,0.3,0.2,0.1
RMAT_17_128-0.400000-0.300000-0.200000-0.100000,ONPL,131072,16777216,0.992392,28.2578,1,0,25,680.984,680.984,23.2884,0,36,LL,0,0,0,17,128,0.4,0.3,0.2,0.1
RMAT_17_128-0.400000-0.300000-0.200000-0.100000,OVPL,131072,16777216,2.16545,43.7069,1,0,25,1603.49,1604.49,29.707,0,36,LL,0,0,0,17,128,0.4,0.3,0.2,0.1
RMAT_17_128-0.400000-0.300000-0.200000-0.100000,MPLM,131072,16777216,0.689354,17.096,9,0.045599,25,373.806,373.806,30.4674,0,36,LL,0,0,0,17,128,0.4,0.3,0.2,0.1
RMAT_17_128-0.400000-0.300000-0.200000-0.100000,PLP,131072,16777216,0.438621,15.0568,1,0,25,0,437,0,0,36,LL,0,0,0,17,128,0.4,0.3,0.2,0.1
RMAT_17_128-0.400000-0.300000-0.200000-0.100000,MPLP,131072,16777216,0.452552,16.2231,1,0,25,0,430,0,0,36,LL,0,0,4.8e-08,17,128,0.4,0.3,0.2,0.1
RMAT_17_128-0.400000-0.300000-0.200000-0.100000,ONLP,131072,16777216,0.0943949,3.37442,1,0,25,0,70,0,0,36,LL,0,0,5e-08,17,128,0.4,0.3,0.2,0.1
RMAT_17_2-0.570000-0.190000-0.190000-0.050000,PLM,131072,262144,0.595524,16.3527,79682,0.239303,25,201.961,427.961,40.5827,0,36,L1D,0,0,0,17,2,0.57,0.19,0.19,0.05
RMAT_17_2-0.570000-0.190000-0.190000-0.050000,ONPL,131072,262144,0.224938,7.70105,79681,0.238391,25,60.3957,99.3957,39.6891,0,36,LL,0,0,0,17,2,0.57,0.19,0.19,0.05
RMAT_17_2-0.570000-0.190000-0.190000-0.050000,OVPL,131072,262144,0.561554,16.9567,79678,0.24054,25,287.76,359.76,53.9409,0,36,LL,0,0,0,17,2,0.57,0.19,0.19,0.05
RMAT_17_2-0.570000-0.190000-0.190000-0.050000,MPLM,131072,262144,0.200927,7.19825,79681,0.239058,25,45.1232,118.123,25.8098,0,36,LL,0,0,0,17,2,0.57,0.19,0.19,0.05
RMAT_17_2-0.570000-0.190000-0.190000-0.050000,PLP,131072,262144,0.0246959,0.878406,79662,0.00243985,25,0,23,0,0,36,LL,0,0,0,17,2,0.57,0.19,0.19,0.05
RMAT_17_2-0.570000-0.190000-0.190000-0.050000,MPLP,131072,262144,0.0226894,0.813922,79675,0.00251597,25,0,8,0,0,36,LL,0,0,2.8e-08,17,2,0.57,0.19,0.19,0.05
RMAT_17_2-0.570000-0.190000-0.190000-0.050000,ONLP,131072,262144,0.0195387,0.701213,79661,0.00242462,25,0,7,0,0,36,LL,0,0,3.5e-08,17,2,0.57,0.19,0.19,0.05
RMAT_17_2-0.330000-0.330000-0.330000-0.010000,PLM,131072,262144,1.06625,32.556,39049,0.382958,25,241.978,897.978,38.4932,0,36,L1D,0,0,0,17,2,0.33,0.33,0.33,0.01
RMAT_17_2-0.330000-0.330000-0.330000-0.010000,ONPL,131072,262144,0.233832,8.15306,39057,0.382888,25,67.0587,129.059,27.2154,0,36,LL,0,0,0,17,2,0.33,0.33,0.33,0.01
RMAT_17_2-0.330000-0.330000-0.330000-0.010000,OVPL,131072,262144,0.294034,10.0953,39052,0.382674,25,49.5002,160.5,28.1114,0,36,LL,0,0,0,17,2,0.33,0.33,0.33,0.01
RMAT_17_2-0.330000-0.330000-0.330000-0.010000,MPLM,131072,262144,0.246287,8.83794,39055,0.382832,25,71.4164,169.416,22.6399,0,36,LL,0,0,0,17,2,0.33,0.33,0.33,0.01
RMAT_17_2-0.330000-0.330000-0.330000-0.010000,PLP,131072,262144,0.0693746,2.47424,39096,0.00166795,25,0,66,0,0,36,LL,0,0,0,17,2,0.33,0.33,0.33,0.01
RMAT_17_2-0.330000-0.330000-0.330000-0.010000,MPLP,131072,262144,0.0321516,1.15354,39507,0.000902962,25,0,15,0,0,36,LL,0,0,3.4e-08,17,2,0.33,0.33,0.33,0.01
RMAT_17_2-0.330000-0.330000-0.330000-0.010000,ONLP,131072,262144,0.0320078,1.14904,39010,0.00138696,25,0,15,0,0,36,LL,0,0,3.4e-08,17,2,0.33,0.33,0.33,0.01
RMAT_17_2-0.400000-0.300000-0.200000-0.100000,PLM,131072,262144,1.15294,35.342,30449,0.418076,25,306.143,969.143,37.8593,0,36,L1D,0,0,0,17,2,0.4,0.3,0.2,0.1
RMAT_17_2-0.400000-0.300000-0.200000-0.100000,ONPL,131072,262144,0.21325,7.43471,30447,0.418142,25,53.7463,99.7463,40.5063,0,36,LL,0,0,0,17,2,0.4,0.3,0.2,0.1
RMAT_17_2-0.400000-0.300000-0.200000-0.100000,OVPL,131072,262144,0.372979,11.9687,30444,0.418344,25,91.0483,200.048,32.6935,0,36,LL,0,0,0,17,2,0.4,0.3,0.2,0.1
RMAT_17_2-0.400000-0.300000-0.200000-0.100000,MPLM,131072,262144,0.289874,10.3631,30446,0.418013,25,56.5356,200.536,25.1986,0,36,LL,0,0,0,17,2,0.4,0.3,0.2,0.1
RMAT_17_2-0.400000-0.300000-0.200000-0.100000,PLP,131072,262144,0.0584158,2.06564,30520,0.00435034,25,0,57,0,0,36,LL,0,0,0,17,2,0.4,0.3,0.2,0.1
RMAT_17_2-0.400000-0.300000-0.200000-0.100000,MPLP,131072,262144,0.0312454,1.12091,30688,0.00457578,25,0,14,0,0,36,LL,0,0,3.5e-08,17,2,0.4,0.3,0.2,0.1
RMAT_17_2-0.400000-0.300000-0.200000-0.100000,ONLP,131072,262144,0.0280408,1.00629,30477,0.00427467,25,0,12,0,0,36,LL,0,0,3.6e-08,17,2,0.4,0.3,0.2,0.1
RMAT_17_4-0.570000-0.190000-0.190000-0.050000,PLM,131072,524288,0.99263,29.7037,66348,0.165179,25,536.338,828.338,42.5742,0,36,L1D,0,0,0,17,4,0.57,0.19,0.19,0.05
RMAT_17_4-0.570000-0.190000-0.190000-0.050000,ONPL,131072,524288,0.309443,10.4114,66349,0.165853,25,143.525,162.525,51.0247,0,36,LL,0,0,0,17,4,0.57,0.19,0.19,0.05
RMAT_17_4-0.570000-0.190000-0.190000-0.050000,OVPL,131072,524288,0.544188,18.2011,66352,0.165447,25,320.734,363.734,38.7328,0,36,LL,0,0,0,17,4,0.57,0.19,0.19,0.05
RMAT_17_4-0.570000-0.190000-0.190000-0.050000,MPLM,131072,524288,0.226696,7.92805,66350,0.165709,25,97.1759,148.176,22.9604,0,36,LL,0,0,0,17,4,0.57,0.19,0.19,0.05
RMAT_17_4-0.570000-0.190000-0.190000-0.050000,PLP,131072,524288,0.0242447,0.869344,66332,0.000583559,25,0,22,0,0,36,LL,0,0,0,17,4,0.57,0.19,0.19,0.05
RMAT_17_4-0.570000-0.190000-0.190000-0.050000,MPLP,131072,524288,0.03162,1.13457,66335,0.00058737,25,0,15,0,0,36,LL,0,0,2.1e-07,17,4,0.57,0.19,0.19,0.05
RMAT_17_4-0.570000-0.190000-0.190000-0.050000,ONLP,131072,524288,0.0213025,0.764533,66330,0.000568306,25,0,6,0,0,36,LL,0,0,3.7e-08,17,4,0.57,0.19,0.19,0.05
RMAT_17_4-0.330000-0.330000-0.330000-0.010000,PLM,131072,524288,1.44485,43.2291,22877,0.267995,25,560.81,1318.81,41.0014,0,36,L1D,0,0,0,17,4,0.33,0.33,0.33,0.01
RMAT_17_4-0.330000-0.330000-0.330000-0.010000,ONPL,131072,524288,0.188384,6.56592,22877,0.264182,25,29.4642,82.4642,31.5707,0,36,LL,0,0,0,17,4,0.33,0.33,0.33,0.01
RMAT_17_4-0.330000-0.330000-0.330000-0.010000,OVPL,131072,524288,0.330533,11.0494,22879,0.266936,25,106.096,163.096,33.7486,0,36,LL,0,0,0,17,4,0.33,0.33,0.33,0.01
RMAT_17_4-0.330000-0.330000-0.330000-0.010000,MPLM,131072,524288,0.273428,9.80871,22877,0.266206,25,101.316,187.316,24.7431,0,36,LL,0,0,0,17,4,0.33,0.33,0.33,0.01
RMAT_17_4-0.330000-0.330000-0.330000-0.010000,PLP,131072,524288,0.0458085,1.64148,22862,1.14439e-05,25,0,44,0,0,36,LL,0,0,0,17,4,0.33,0.33,0.33,0.01
RMAT_17_4-0.330000-0.330000-0.330000-0.010000,MPLP,131072,524288,0.0346864,1.24424,22878,1.14433e-05,25,0,16,0,0,36,LL,0,0,1.8e-08,17,4,0.33,0.33,0.33,0.01
RMAT_17_4-0.330000-0.330000-0.330000-0.010000,ONLP,131072,524288,0.0349314,1.25376,22857,1.1444e-05,25,0,17,0,0,36,LL,0,0,3.9e-08,17,4,0.33,0.33,0.33,0.01
RMAT_17_4-0.400000-0.300000-0.200000-0.100000,PLM,131072,524288,1.50932,40.2418,14038,0.282704,25,456.424,1368.42,39.9697,0,36,L1D,0,0,0,17,4,0.4,0.3,0.2,0.1
RMAT_17_4-0.400000-0.300000-0.200000-0.100000,ONPL,131072,524288,0.31137,10.7167,14028,0.281721,25,86.2094,195.209,27.9849,0,36,LL,0,0,0,17,4,0.4,0.3,0.2,0.1
RMAT_17_4-0.400000-0.300000-0.200000-0.100000,OVPL,131072,524288,0.383048,12.5804,14036,0.284866,25,124.142,225.142,36.8757,0,36,LL,0,0,0,17,4,0.4,0.3,0.2,0.1
RMAT_17_4-0.400000-0.300000-0.200000-0.100000,MPLM,131072,524288,0.286563,10.2508,14032,0.285627,25,101.376,202.376,27.7166,0,36,LL,0,0,0,17,4,0.4,0.3,0.2,0.1
RMAT_17_4-0.400000-0.300000-0.200000-0.100000,PLP,131072,524288,0.0333099,1.18739,13998,0.000152581,25,0,31,0,0,36,LL,0,0,0,17,4,0.4,0.3,0.2,0.1
RMAT_17_4-0.400000-0.300000-0.200000-0.100000,MPLP,131072,524288,0.0352216,1.26351,14014,0.000152578,25,0,15,0,0,36,LL,0,0,3.5e-08,17,4,0.4,0.3,0.2,0.1
RMAT_17_4-0.400000-0.300000-0.200000-0.100000,ONLP,131072,524288,0.0317995,1.14109,13994,0.000148767,25,0,12,0,0,36,LL,0,0,4e-08,17,4,0.4,0.3,0.2,0.1
RMAT_17_8-0.570000-0.190000-0.190000-0.050000,PLM,131072,1048576,1.33052,46.2169,52081,0.115817,25,810.516,1161.52,44.6321,0,36,L1D,0,0,0,17,8,0.57,0.19,0.19,0.05
RMAT_17_8-0.570000-0.190000-0.190000-0.050000,ONPL,131072,1048576,0.262971,9.04812,52086,0.117507,25,132.555,144.555,34.0422,0,36,LL,0,0,0,17,8,0.57,0.19,0.19,0.05
RMAT_17_8-0.570000-0.190000-0.190000-0.050000,OVPL,131072,1048576,0.948758,28.0326,52088,0.114276,25,639.806,713.806,53.3193,0,36,LL,0,0,0,17,8,0.57,0.19,0.19,0.05
RMAT_17_8-0.570000-0.190000-0.190000-0.050000,MPLM,131072,1048576,0.287023,10.2839,52086,0.116057,25,154.185,192.185,30.4929,0,36,LL,0,0,0,17,8,0.57,0.19,0.19,0.05
RMAT_17_8-0.570000-0.190000-0.190000-0.050000,PLP,131072,1048576,0.0518444,1.79474,52065,0.000118252,25,0,50,0,0,36,LL,0,0,0,17,8,0.57,0.19,0.19,0.05
RMAT_17_8-0.570000-0.190000-0.190000-0.050000,MPLP,131072,1048576,0.0524115,1.82846,52068,0.000120159,25,0,31,0,0,36,LL,0,0,3.4e-08,17,8,0.57,0.19,0.19,0.05
RMAT_17_8-0.570000-0.190000-0.190000-0.050000,ONLP,131072,1048576,0.0294427,1.0274,52064,0.000116345,25,0,13,0,0,36,LL,0,0,3.5e-08,17,8,0.57,0.19,0.19,0.05
RMAT_17_8-0.330000-0.330000-0.330000-0.010000,PLM,131072,1048576,2.27377,69.8912,11473,0.175765,25,889.329,2073.33,62.1778,0,36,L1D,0,0,0,17,8,0.33,0.33,0.33,0.01
RMAT_17_8-0.330000-0.330000-0.330000-0.010000,ONPL,131072,1048576,0.325125,11.3022,11474,0.176403,25,138.559,183.559,39.2801,0,36,LL,0,0,0,17,8,0.33,0.33,0.33,0.01
RMAT_17_8-0.330000-0.330000-0.330000-0.010000,OVPL,131072,1048576,0.488569,15.6092,11474,0.176168,25,205.424,273.424,50.6101,0,36,LL,0,0,0,17,8,0.33,0.33,0.33,0.01
RMAT_17_8-0.330000-0.330000-0.330000-0.010000,MPLM,131072,1048576,0.347021,11.9846,11475,0.175914,25,122.283,218.283,38.673,0,36,LL,0,0,0,17,8,0.33,0.33,0.33,0.01
RMAT_17_8-0.330000-0.330000-0.330000-0.010000,PLP,131072,1048576,0.03801,1.31849,11466,-4.54747e-12,25,0,37,0,0,36,LL,0,0,0,17,8,0.33,0.33,0.33,0.01
RMAT_17_8-0.330000-0.330000-0.330000-0.010000,MPLP,131072,1048576,0.0450497,1.57094,11476,-5.50244e-11,25,0,30,0,0,36,LL,0,0,3.5e-08,17,8,0.33,0.33,0.33,0.01
RMAT_17_8-0.330000-0.330000-0.330000-0.010000,ONLP,131072,1048576,0.0411677,1.43619,11462,0,25,0,26,0,0,36,LL,0,0,3.5e-08,17,8,0.33,0.33,0.33,0.01
RMAT_17_8-0.400000-0.300000-0.200000-0.100000,PLM,131072,1048576,1.88738,59.0945,4751,0.184935,25,842.427,1733.43,41.792,0,36,L1D,0,0,0,17,8,0.4,0.3,0.2,0.1
RMAT_17_8-0.400000-0.300000-0.200000-0.100000,ONPL,131072,1048576,0.191022,6.77291,4757,0.191111,25,76.8749,107.875,22.5435,0,36,LL,0,0,0,17,8,0.4,0.3,0.2,0.1
RMAT_17_8-0.400000-0.300000-0.200000-0.100000,OVPL,131072,1048576,0.738493,24.5342,4752,0.18038,25,266.627,495.627,45.5353,0,36,LL,0,0,0,17,8,0.4,0.3,0.2,0.1
RMAT_17_8-0.400000-0.300000-0.200000-0.100000,MPLM,131072,1048576,0.244369,8.51265,4753,0.190897,25,110.793,168.793,23.5785,0,36,LL,0,0,0,17,8,0.4,0.3,0.2,0.1
RMAT_17_8-0.400000-0.300000-0.200000-0.100000,PLP,131072,1048576,0.0435081,1.54544,4735,7.62938e-06,25,0,41,0,0,36,LL,0,0,0,17,8,0.4,0.3,0.2,0.1
RMAT_17_8-0.400000-0.300000-0.200000-0.100000,MPLP,131072,1048576,0.0456402,1.62807,4736,7.62937e-06,25,0,25,0,0,36,LL,0,0,1.36e-07,17,8,0.4,0.3,0.2,0.1
RMAT_17_8-0.400000-0.300000-0.200000-0.100000,ONLP,131072,1048576,0.0349436,1.24482,4735,7.62938e-06,25,0,13,0,0,36,LL,0,0,3.5e-08,17,8,0.4,0.3,0.2,0.1
RMAT_18_32-0.570000-0.190000-0.190000-0.050000,PLM,262144,8388608,5.1481,70.0933,60527,0.0585134,25,4655.56,4727.56,130.632,0,36,L1D,0,0,0,18,32,0.57,0.19,0.19,0.05
RMAT_18_32-0.570000-0.190000-0.190000-0.050000,ONPL,262144,8388608,0.996056,28.8561,60522,0.0569758,25,660.58,666.58,122.209,0,36,LL,0,0,0,18,32,0.57,0.19,0.19,0.05
RMAT_18_32-0.570000-0.190000-0.190000-0.050000,OVPL,262144,8388608,4.36712,41.63,60519,0.0589948,25,3706.67,3774.67,143.264,0,36,LL,0,0,0,18,32,0.57,0.19,0.19,0.05
RMAT_18_32-0.570000-0.190000-0.190000-0.050000,MPLM,262144,8388608,0.721125,18.9638,60524,0.058016,25,398.048,402.048,123.718,0,36,LL,0,0,0,18,32,0.57,0.19,0.19,0.05
RMAT_18_32-0.570000-0.190000-0.190000-0.050000,PLP,262144,8388608,0.237015,7.00914,60503,2.38418e-06,25,0,235,0,0,36,LL,0,0,0,18,32,0.57,0.19,0.19,0.05
RMAT_18_32-0.570000-0.190000-0.190000-0.050000,MPLP,262144,8388608,0.245298,7.55931,60503,2.38418e-06,25,0,206,0,0,36,LL,0,0,6e-08,18,32,0.57,0.19,0.19,0.05
RMAT_18_32-0.570000-0.190000-0.190000-0.050000,ONLP,262144,8388608,0.107565,3.23279,60503,2.38418e-06,25,0,67,0,0,36,LL,0,0,4.8e-08,18,32,0.57,0.19,0.19,0.05
RMAT_18_32-0.330000-0.330000-0.330000-0.010000,PLM,262144,8388608,5.91738,98.587,4203,0.121756,25,5541.92,5567.92,119.928,0,36,L1D,0,0,0,18,32,0.33,0.33,0.33,0.01
RMAT_18_32-0.330000-0.330000-0.330000-0.010000,ONPL,262144,8388608,0.684897,18.1994,4202,0.117822,25,320.153,367.153,122.898,0,36,LL,0,0,0,18,32,0.33,0.33,0.33,0.01
RMAT_18_32-0.330000-0.330000-0.330000-0.010000,OVPL,262144,8388608,1.71922,44.5641,4200,0.114542,25,1155.38,1176.38,130.074,0,36,LL,0,0,0,18,32,0.33,0.33,0.33,0.01
RMAT_18_32-0.330000-0.330000-0.330000-0.010000,MPLM,262144,8388608,0.816203,23.016,4201,0.120815,25,511.381,523.381,121.294,0,36,LL,0,0,0,18,32,0.33,0.33,0.33,0.01
RMAT_18_32-0.330000-0.330000-0.330000-0.010000,PLP,262144,8388608,0.173897,5.35739,4196,0,25,0,172,0,0,36,LL,0,0,0,18,32,0.33,0.33,0.33,0.01
RMAT_18_32-0.330000-0.330000-0.330000-0.010000,MPLP,262144,8388608,0.219186,6.36017,4196,0,25,0,157,0,0,36,LL,0,0,1.68e-07,18,32,0.33,0.33,0.33,0.01
RMAT_18_32-0.330000-0.330000-0.330000-0.010000,ONLP,262144,8388608,0.0946792,2.79859,4196,0,25,0,50,0,0,36,LL,0,0,4.2e-08,18,32,0.33,0.33,0.33,0.01
RMAT_18_32-0.400000-0.300000-0.200000-0.100000,PLM,262144,8388608,5.35953,80.3836,410,0.0909829,25,5086.02,5089.02,68.11,0,36,L1D,0,0,0,18,32,0.4,0.3,0.2,0.1
RMAT_18_32-0.400000-0.300000-0.200000-0.100000,ONPL,262144,8388608,0.666071,18.889,409,0.0907474,25,399.299,403.299,65.6178,0,36,LL,0,0,0,18,32,0.4,0.3,0.2,0.1
RMAT_18_32-0.400000-0.300000-0.200000-0.100000,OVPL,262144,8388608,1.40123,36.8449,409,0.0861229,25,941.174,951.174,72.8762,0,36,LL,0,0,0,18,32,0.4,0.3,0.2,0.1
RMAT_18_32-0.400000-0.300000-0.200000-0.100000,MPLM,262144,8388608,0.718278,20.1449,408,0.0911404,25,437.284,444.284,88.7049,0,36,LL,0,0,0,18,32,0.4,0.3,0.2,0.1
RMAT_18_32-0.400000-0.300000-0.200000-0.100000,PLP,262144,8388608,0.174446,6.24099,399,0,25,0,172,0,0,36,LL,0,0,0,18,32,0.4,0.3,0.2,0.1
RMAT_18_32-0.400000-0.300000-0.200000-0.100000,MPLP,262144,8388608,0.208469,7.17627,399,0,25,0,168,0,0,36,LL,0,0,1.17e-07,18,32,0.4,0.3,0.2,0.1
RMAT_18_32-0.400000-0.300000-0.200000-0.100000,ONLP,262144,8388608,0.0812064,2.57654,399,0,25,0,40,0,0,36,LL,0,0,1.38e-07,18,32,0.4,0.3,0.2,0.1
RMAT_18_16-0.570000-0.190000-0.190000-0.050000,PLM,262144,4194304,4.3341,94.6414,84847,0.0796433,25,3327.64,3991.64,103.744,0,36,L1D,0,0,0,18,16,0.57,0.19,0.19,0.05
RMAT_18_16-0.570000-0.190000-0.190000-0.050000,ONPL,262144,4194304,0.724756,21.9286,84852,0.0799656,25,378.8,403.8,104.241,0,36,LL,0,0,0,18,16,0.57,0.19,0.19,0.05
RMAT_18_16-0.330000-0.330000-0.330000-0.010000,PLM,262144,4194304,7.47048,173.981,11272,0.11386,25,2314.37,6934.37,205.576,0,36,L1D,0,0,0,18,16,0.33,0.33,0.33,0.01
RMAT_18_16-0.330000-0.330000-0.330000-0.010000,ONPL,262144,4194304,0.894955,26.098,11272,0.11565,25,309.566,419.566,159.053,0,36,LL,0,0,0,18,16,0.33,0.33,0.33,0.01
RMAT_18_16-0.330000-0.330000-0.330000-0.010000,OVPL,262144,4194304,1.95774,52.1289,11272,0.11476,25,1145.59,1356.59,176.549,0,36,LL,0,0,0,18,16,0.33,0.33,0.33,0.01
RMAT_18_16-0.330000-0.330000-0.330000-0.010000,MPLM,262144,4194304,0.972713,26.6983,11270,0.116662,25,318.444,449.444,187.792,0,36,LL,0,0,0,18,16,0.33,0.33,0.33,0.01
RMAT_18_16-0.330000-0.330000-0.330000-0.010000,PLP,262144,4194304,0.105005,3.72589,11262,0,25,0,103,0,0,36,LL,0,0,0,18,16,0.33,0.33,0.33,0.01
RMAT_18_16-0.330000-0.330000-0.330000-0.010000,MPLP,262144,4194304,0.0990652,3.43804,11262,0,25,0,81,0,0,36,LL,0,0,4.8e-08,18,16,0.33,0.33,0.33,0.01
RMAT_18_16-0.330000-0.330000-0.330000-0.010000,ONLP,262144,4194304,0.0478102,1.65319,11262,0,25,0,31,0,0,36,LL,0,0,4e-08,18,16,0.33,0.33,0.33,0.01
RMAT_18_16-0.400000-0.300000-0.200000-0.100000,PLM,262144,4194304,2.72119,70.5734,2636,0.131666,25,2338.16,2475.16,73.2979,0,36,L1D,0,0,0,18,16,0.4,0.3,0.2,0.1
RMAT_18_16-0.400000-0.300000-0.200000-0.100000,ONPL,262144,4194304,0.764992,24.9111,2639,0.131082,25,535.515,545.515,76.1886,0,36,LL,0,0,0,18,16,0.4,0.3,0.2,0.1
RMAT_18_16-0.400000-0.300000-0.200000-0.100000,OVPL,262144,4194304,1.02298,29.4594,2636,0.131268,25,639.738,650.738,82.4477,0,36,LL,0,0,0,18,16,0.4,0.3,0.2,0.1
RMAT_18_16-0.400000-0.300000-0.200000-0.100000,MPLM,262144,4194304,0.651399,20.9097,2639,0.131646,25,436.816,453.816,76.596,0,36,LL,0,0,0,18,16,0.4,0.3,0.2,0.1
RMAT_18_16-0.400000-0.300000-0.200000-0.100000,PLP,262144,4194304,0.093827,3.34039,2623,4.76837e-07,25,0,91,0,0,36,LL,0,0,0,18,16,0.4,0.3,0.2,0.1
RMAT_18_16-0.400000-0.300000-0.200000-0.100000,MPLP,262144,4194304,0.118843,4.09288,2623,4.76837e-07,25,0,79,0,0,36,LL,0,0,3.9e-08,18,16,0.4,0.3,0.2,0.1
RMAT_18_16-0.400000-0.300000-0.200000-0.100000,ONLP,262144,4194304,0.0710913,2.32187,2623,4.76837e-07,25,0,30,0,0,36,LL,0,0,4e-08,18,16,0.4,0.3,0.2,0.1
RMAT_18_64-0.570000-0.190000-0.190000-0.050000,PLM,262144,16777216,8.76034,78.1019,40065,0.0439831,25,8148.04,8154.04,206.664,0,36,L1D,0,0,0,18,64,0.57,0.19,0.19,0.05
RMAT_18_64-0.570000-0.190000-0.190000-0.050000,ONPL,262144,16777216,1.33029,33.2989,40066,0.0442185,25,811.349,812.349,188.246,0,36,LL,0,0,0,18,64,0.57,0.19,0.19,0.05
RMAT_18_64-0.330000-0.330000-0.330000-0.010000,PLM,262144,16777216,10.0133,101.739,1256,0.114245,25,9427.51,9427.51,220.613,0,36,L1D,0,0,0,18,64,0.33,0.33,0.33,0.01
RMAT_18_64-0.330000-0.330000-0.330000-0.010000,ONPL,262144,16777216,2.06255,58.0213,1258,0.115373,25,1474.69,1474.69,215.274,0,36,LL,0,0,0,18,64,0.33,0.33,0.33,0.01
RMAT_18_64-0.400000-0.300000-0.200000-0.100000,PLM,262144,16777216,9.70907,85.2457,37,0.0628912,25,9291.3,9292.3,35.7387,0,36,L1D,0,0,0,18,64,0.4,0.3,0.2,0.1
RMAT_18_64-0.400000-0.300000-0.200000-0.100000,ONPL,262144,16777216,1.11989,30.7854,30,0.0455195,25,747.399,747.399,36.8029,0,36,LL,0,0,0,18,64,0.4,0.3,0.2,0.1
RMAT_18_128-0.570000-0.190000-0.190000-0.050000,PLM,262144,33554432,19.855,116.608,24342,0.0380342,25,18804.5,18807.5,387.259,0,36,L1D,0,0,0,18,128,0.57,0.19,0.19,0.05
RMAT_18_128-0.570000-0.190000-0.190000-0.050000,ONPL,262144,33554432,2.78774,54.8024,24342,0.037467,25,1738.72,1738.72,388.726,0,36,LL,0,0,0,18,128,0.57,0.19,0.19,0.05
RMAT_18_128-0.330000-0.330000-0.330000-0.010000,PLM,262144,33554432,19.2673,129.898,297,0.112802,25,18398.6,18398.6,231.658,0,36,L1D,0,0,0,18,128,0.33,0.33,0.33,0.01
RMAT_18_128-0.330000-0.330000-0.330000-0.010000,ONPL,262144,33554432,1.58051,35.3392,301,0.111088,25,868.175,868.175,169.183,0,36,LL,0,0,0,18,128,0.33,0.33,0.33,0.01
RMAT_18_128-0.330000-0.330000-0.330000-0.010000,OVPL,262144,33554432,4.2372,54.6271,300,0.110171,25,3082.14,3083.14,178.232,0,36,LL,0,0,0,18,128,0.33,0.33,0.33,0.01
RMAT_18_128-0.330000-0.330000-0.330000-0.010000,MPLM,262144,33554432,1.52476,34.6557,302,0.110969,25,867.818,867.818,139.375,0,36,LL,0,0,0,18,128,0.33,0.33,0.33,0.01
RMAT_18_128-0.330000-0.330000-0.330000-0.010000,PLP,262144,33554432,0.632757,21.9362,292,0,25,0,629,0,0,36,LL,0,0,0,18,128,0.33,0.33,0.33,0.01
RMAT_18_128-0.330000-0.330000-0.330000-0.010000,MPLP,262144,33554432,0.649983,22.9422,292,0,25,0,609,0,0,36,LL,0,0,4.9e-08,18,128,0.33,0.33,0.33,0.01
RMAT_18_128-0.330000-0.330000-0.330000-0.010000,ONLP,262144,33554432,0.176739,5.82654,292,0,25,0,135,0,0,36,LL,0,0,3.9e-08,18,128,0.33,0.33,0.33,0.01
RMAT_18_2-0.570000-0.190000-0.190000-0.050000,PLM,262144,524288,0.965056,30.4925,164849,0.227791,25,263.384,671.384,76.9475,0,36,L1D,0,0,0,18,2,0.57,0.19,0.19,0.05
RMAT_18_2-0.570000-0.190000-0.190000-0.050000,ONPL,262144,524288,0.467707,15.8087,164848,0.227728,25,158.72,198.72,82.7127,0,36,LL,0,0,0,18,2,0.57,0.19,0.19,0.05
RMAT_18_2-0.570000-0.190000-0.190000-0.050000,OVPL,262144,524288,0.722783,24.7223,164848,0.228321,25,327.884,445.884,67.7855,0,36,LL,0,0,0,18,2,0.57,0.19,0.19,0.05
RMAT_18_2-0.570000-0.190000-0.190000-0.050000,MPLM,262144,524288,0.443291,15.2996,164847,0.22862,25,119.798,237.798,66.0293,0,36,LL,0,0,0,18,2,0.57,0.19,0.19,0.05
RMAT_18_2-0.570000-0.190000-0.190000-0.050000,PLP,262144,524288,0.033157,1.12747,164839,0.0021617,25,0,32,0,0,36,LL,0,0,0,18,2,0.57,0.19,0.19,0.05
RMAT_18_2-0.570000-0.190000-0.190000-0.050000,MPLP,262144,524288,0.0460694,1.64769,164850,0.00217311,25,0,15,0,0,36,LL,0,0,1.3e-07,18,2,0.57,0.19,0.19,0.05
RMAT_18_2-0.570000-0.190000-0.190000-0.050000,ONLP,262144,524288,0.0393939,1.41378,164832,0.00209694,25,0,13,0,0,36,LL,0,0,5.3e-08,18,2,0.57,0.19,0.19,0.05
RMAT_18_2-0.330000-0.330000-0.330000-0.010000,PLM,262144,524288,2.3795,80.2494,81119,0.375569,25,788.259,2100.26,81.1363,0,36,L1D,0,0,0,18,2,0.33,0.33,0.33,0.01
RMAT_18_2-0.330000-0.330000-0.330000-0.010000,ONPL,262144,524288,0.433801,15.1664,81115,0.376452,25,158.036,247.036,47.4546,0,36,LL,0,0,0,18,2,0.33,0.33,0.33,0.01
RMAT_18_2-0.330000-0.330000-0.330000-0.010000,OVPL,262144,524288,0.600994,20.8098,81111,0.376436,25,139.328,292.328,62.915,0,36,LL,0,0,0,18,2,0.33,0.33,0.33,0.01
RMAT_18_2-0.330000-0.330000-0.330000-0.010000,MPLM,262144,524288,0.465547,16.7106,81114,0.376577,25,149.322,303.322,47.8788,0,36,LL,0,0,0,18,2,0.33,0.33,0.33,0.01
RMAT_18_2-0.330000-0.330000-0.330000-0.010000,PLP,262144,524288,0.0760412,2.72511,81293,0.000910763,25,0,72,0,0,36,LL,0,0,0,18,2,0.33,0.33,0.33,0.01
RMAT_18_2-0.330000-0.330000-0.330000-0.010000,MPLP,262144,524288,0.0599462,2.15165,81728,0.000528845,25,0,28,0,0,36,LL,0,0,6.2e-08,18,2,0.33,0.33,0.33,0.01
RMAT_18_2-0.330000-0.330000-0.330000-0.010000,ONLP,262144,524288,0.054887,1.97055,81083,0.000442449,25,0,24,0,0,36,LL,0,0,5.2e-08,18,2,0.33,0.33,0.33,0.01
                                                                                                                                                                                                                                                                                                                                   RMAT_18_2-0.400000-0.300000-0.200000-0.100000,PLM,262144,524288,2.12529,67.8645,63292,0.414538,25,450.564,1858.56,83.8569,0,36,L1D,0,0,0,18,2,0.4,0.3,0.2,0.1
RMAT_18_2-0.400000-0.300000-0.200000-0.100000,ONPL,262144,524288,0.41474,14.3951,63288,0.412921,25,107.935,207.935,53.7783,0,36,LL,0,0,0,18,2,0.4,0.3,0.2,0.1
RMAT_18_2-0.400000-0.300000-0.200000-0.100000,OVPL,262144,524288,0.67314,23.3208,63287,0.411901,25,159.266,357.266,73.4538,0,36,LL,0,0,0,18,2,0.4,0.3,0.2,0.1
RMAT_18_2-0.400000-0.300000-0.200000-0.100000,MPLM,262144,524288,0.480345,17.0719,63289,0.413518,25,118.484,301.484,56.2467,0,36,LL,0,0,0,18,2,0.4,0.3,0.2,0.1
RMAT_18_2-0.400000-0.300000-0.200000-0.100000,PLP,262144,524288,0.0655286,2.27212,63440,0.00376825,25,0,61,0,0,36,LL,0,0,0,18,2,0.4,0.3,0.2,0.1
RMAT_18_2-0.400000-0.300000-0.200000-0.100000,MPLP,262144,524288,0.0588443,1.97587,63653,0.00413168,25,0,26,0,0,36,LL,0,0,6.3e-08,18,2,0.4,0.3,0.2,0.1
RMAT_18_2-0.400000-0.300000-0.200000-0.100000,ONLP,262144,524288,0.0753624,1.96828,63351,0.0154645,25,0,23,0,0,36,LL,0,0,7.5e-08,18,2,0.4,0.3,0.2,0.1
RMAT_18_4-0.570000-0.190000-0.190000-0.050000,PLM,262144,1048576,2.23955,71.6346,138304,0.158333,25,885.756,1904.76,104.966,0,36,L1D,0,0,0,18,4,0.57,0.19,0.19,0.05
RMAT_18_4-0.330000-0.330000-0.330000-0.010000,PLM,262144,1048576,2.70857,84.7391,48798,0.256991,25,841.071,2405.07,91.1047,0,36,L1D,0,0,0,18,4,0.33,0.33,0.33,0.01
RMAT_18_4-0.570000-0.190000-0.190000-0.050000,ONPL,262144,1048576,0.433484,14.9953,138299,0.158931,25,165.068,202.068,79.2833,0,36,LL,0,0,0,18,4,0.57,0.19,0.19,0.05
RMAT_18_4-0.330000-0.330000-0.330000-0.010000,ONPL,262144,1048576,0.497776,17.4392,48802,0.260087,25,180.903,273.903,64.8995,0,36,LL,0,0,0,18,4,0.33,0.33,0.33,0.01
RMAT_18_4-0.330000-0.330000-0.330000-0.010000,OVPL,262144,1048576,0.724191,23.59,48802,0.26428,25,306.699,403.699,72.2648,0,36,LL,0,0,0,18,4,0.33,0.33,0.33,0.01
RMAT_18_4-0.570000-0.190000-0.190000-0.050000,OVPL,262144,1048576,1.35251,42.5326,138300,0.159973,25,813.462,976.462,80.6409,0,36,LL,0,0,0,18,4,0.57,0.19,0.19,0.05
RMAT_18_4-0.330000-0.330000-0.330000-0.010000,MPLM,262144,1048576,0.571549,20.1222,48802,0.262297,25,210.594,373.594,65.0683,0,36,LL,0,0,0,18,4,0.33,0.33,0.33,0.01
RMAT_18_4-0.570000-0.190000-0.190000-0.050000,MPLM,262144,1048576,0.565782,18.3329,138300,0.160439,25,122.694,186.694,191.876,0,36,LL,0,0,0,18,4,0.57,0.19,0.19,0.05
RMAT_18_4-0.570000-0.190000-0.190000-0.050000,PLP,262144,1048576,0.0782529,2.79534,138283,0.000467244,25,0,76,0,0,36,LL,0,0,0,18,4,0.57,0.19,0.19,0.05
RMAT_18_4-0.330000-0.330000-0.330000-0.010000,PLP,262144,1048576,0.0980929,3.49171,48788,7.62929e-06,25,0,96,0,0,36,LL,0,0,0,18,4,0.33,0.33,0.33,0.01
RMAT_18_4-0.570000-0.190000-0.190000-0.050000,MPLP,262144,1048576,0.0573934,2.0547,138284,0.00046343,25,0,29,0,0,36,LL,0,0,3.3e-08,18,4,0.57,0.19,0.19,0.05
RMAT_18_4-0.330000-0.330000-0.330000-0.010000,MPLP,262144,1048576,0.0675304,1.95173,48810,7.62894e-06,25,0,30,0,0,36,LL,0,0,3.5e-08,18,4,0.33,0.33,0.33,0.01
RMAT_18_4-0.570000-0.190000-0.190000-0.050000,ONLP,262144,1048576,0.0438607,1.56052,138281,0.000465337,25,0,18,0,0,36,LL,0,0,3.8e-08,18,4,0.57,0.19,0.19,0.05
RMAT_18_4-0.330000-0.330000-0.330000-0.010000,ONLP,262144,1048576,0.0531479,1.69379,48778,7.62936e-06,25,0,22,0,0,36,LL,0,0,6.1e-08,18,4,0.33,0.33,0.33,0.01
RMAT_18_4-0.400000-0.300000-0.200000-0.100000,PLM,262144,1048576,3.41344,107.279,29846,0.268834,25,1058.59,3060.59,89.3903,0,36,L1D,0,0,0,18,4,0.4,0.3,0.2,0.1
RMAT_18_4-0.400000-0.300000-0.200000-0.100000,ONPL,262144,1048576,0.454644,15.8856,29866,0.277539,25,95.9748,223.975,66.6578,0,36,LL,0,0,0,18,4,0.4,0.3,0.2,0.1
RMAT_18_8-0.570000-0.190000-0.190000-0.050000,PLM,262144,2097152,3.13343,92.196,110826,0.110605,25,1734.67,2804.67,93.3741,0,36,L1D,0,0,0,18,8,0.57,0.19,0.19,0.05
RMAT_18_4-0.400000-0.300000-0.200000-0.100000,OVPL,262144,1048576,0.90315,28.8545,29870,0.277784,25,347.484,565.484,85.9974,0,36,LL,0,0,0,18,4,0.4,0.3,0.2,0.1
RMAT_18_4-0.400000-0.300000-0.200000-0.100000,MPLM,262144,1048576,0.458082,16.336,29847,0.268767,25,100.852,267.852,62.8531,0,36,LL,0,0,0,18,4,0.4,0.3,0.2,0.1
RMAT_18_8-0.570000-0.190000-0.190000-0.050000,ONPL,262144,2097152,0.629768,20.4239,110826,0.111746,25,280.927,344.927,87.2294,0,36,LL,0,0,0,18,8,0.57,0.19,0.19,0.05
RMAT_18_4-0.400000-0.300000-0.200000-0.100000,PLP,262144,1048576,0.0732501,2.60343,29827,0.000196446,25,0,71,0,0,36,LL,0,0,0,18,4,0.4,0.3,0.2,0.1
RMAT_18_4-0.400000-0.300000-0.200000-0.100000,MPLP,262144,1048576,0.0665205,2.2173,29850,0.000205979,25,0,30,0,0,36,LL,0,0,5.9e-08,18,4,0.4,0.3,0.2,0.1
RMAT_18_4-0.400000-0.300000-0.200000-0.100000,ONLP,262144,1048576,0.0655147,2.1757,29824,0.000636676,25,0,28,0,0,36,LL,0,0,1.11e-07,18,4,0.4,0.3,0.2,0.1
RMAT_18_8-0.400000-0.300000-0.200000-0.100000,PLM,262144,2097152,4.35583,130.734,10353,0.180694,25,1550.75,4026.75,124.436,0,36,L1D,0,0,0,18,8,0.4,0.3,0.2,0.1
RMAT_18_8-0.330000-0.330000-0.330000-0.010000,PLM,262144,2097152,4.54657,145.412,25463,0.174361,25,1507.81,4190.81,128.326,0,36,L1D,0,0,0,18,8,0.33,0.33,0.33,0.01
RMAT_18_8-0.400000-0.300000-0.200000-0.100000,ONPL,262144,2097152,0.607798,20.2222,10359,0.184715,25,296.311,364.311,63.1304,0,36,LL,0,0,0,18,8,0.4,0.3,0.2,0.1
RMAT_18_8-0.330000-0.330000-0.330000-0.010000,ONPL,262144,2097152,0.586259,20.2256,25463,0.173545,25,224.454,310.454,86.1711,0,36,LL,0,0,0,18,8,0.33,0.33,0.33,0.01
RMAT_18_8-0.400000-0.300000-0.200000-0.100000,OVPL,262144,2097152,1.24256,39.3377,10356,0.181028,25,732.338,842.338,97.2493,0,36,LL,0,0,0,18,8,0.4,0.3,0.2,0.1
RMAT_18_8-0.330000-0.330000-0.330000-0.010000,OVPL,262144,2097152,1.41631,44.397,25462,0.173325,25,758.015,1035.01,106.884,0,36,LL,0,0,0,18,8,0.33,0.33,0.33,0.01
RMAT_18_8-0.400000-0.300000-0.200000-0.100000,MPLM,262144,2097152,0.705408,23.7791,10355,0.180917,25,235.658,423.658,82.1495,0,36,LL,0,0,0,18,8,0.4,0.3,0.2,0.1
RMAT_18_8-0.400000-0.300000-0.200000-0.100000,PLP,262144,2097152,0.0600082,2.12522,10339,7.62938e-06,25,0,58,0,0,36,LL,0,0,0,18,8,0.4,0.3,0.2,0.1
RMAT_18_8-0.330000-0.330000-0.330000-0.010000,MPLM,262144,2097152,0.587995,19.8217,25463,0.173066,25,227.735,301.735,99.6742,0,36,LL,0,0,0,18,8,0.33,0.33,0.33,0.01
RMAT_18_8-0.400000-0.300000-0.200000-0.100000,MPLP,262144,2097152,0.0764115,2.65306,10342,3.24234e-05,25,0,48,0,0,36,LL,0,0,5.9e-08,18,8,0.4,0.3,0.2,0.1
RMAT_18_8-0.330000-0.330000-0.330000-0.010000,PLP,262144,2097152,0.11376,4.05056,25450,0,25,0,112,0,0,36,LL,0,0,0,18,8,0.33,0.33,0.33,0.01
RMAT_18_8-0.400000-0.300000-0.200000-0.100000,ONLP,262144,2097152,0.0553461,1.83067,10338,7.62938e-06,25,0,24,0,0,36,LL,0,0,3.4e-08,18,8,0.4,0.3,0.2,0.1
RMAT_18_8-0.330000-0.330000-0.330000-0.010000,MPLP,262144,2097152,0.0756291,2.61833,25454,-1.13687e-12,25,0,46,0,0,36,LL,0,0,5e-08,18,8,0.33,0.33,0.33,0.01
RMAT_18_8-0.330000-0.330000-0.330000-0.010000,ONLP,262144,2097152,0.058392,2.02113,25450,0,25,0,29,0,0,36,LL,0,0,3.9e-08,18,8,0.33,0.33,0.33,0.01
                                                                                                                                                                                                                                                                                                                                            RMAT_19_32-0.570000-0.190000-0.190000-0.050000,PLM,524288,16777216,10.5801,128.852,134553,0.0553187,25,8709.56,9662.56,322.586,0,36,L1D,0,0,0,19,32,0.57,0.19,0.19,0.05
RMAT_19_32-0.570000-0.190000-0.190000-0.050000,ONPL,524288,16777216,1.8473,44.2925,134526,0.0547515,25,1128.91,1146.91,256.834,0,36,LL,0,0,0,19,32,0.57,0.19,0.19,0.05
RMAT_19_32-0.330000-0.330000-0.330000-0.010000,OVPL,524288,16777216,7.43199,97.3013,10025,0.0972908,25,5573.78,6060.78,341.253,0,36,LL,0,0,0,19,32,0.33,0.33,0.33,0.01
RMAT_19_32-0.330000-0.330000-0.330000-0.010000,MPLM,524288,16777216,2.51961,72.9325,10025,0.11485,25,1845.74,1878.74,262.719,0,36,LL,0,0,0,19,32,0.33,0.33,0.33,0.01
RMAT_19_32-0.330000-0.330000-0.330000-0.010000,PLP,524288,16777216,0.277852,9.77392,10019,0,25,0,275,0,0,36,LL,0,0,0,19,32,0.33,0.33,0.33,0.01
RMAT_19_32-0.330000-0.330000-0.330000-0.010000,MPLP,524288,16777216,0.339399,10.7013,10019,0,25,0,262,0,0,36,LL,0,0,4.6e-08,19,32,0.33,0.33,0.33,0.01
RMAT_19_32-0.330000-0.330000-0.330000-0.010000,ONLP,524288,16777216,0.163542,4.29774,10019,0,25,0,84,0,0,36,LL,0,0,5.2e-08,19,32,0.33,0.33,0.33,0.01
                                                                                                                                                                                                                                                                                                                                                                                                                                                                                                                                                                                                                                                                                                                                                                                                                                                                                                                                                                                                                                                                                                       RMAT_19_16-0.570000-0.190000-0.190000-0.050000,PLM,524288,8388608,10.7639,177.269,183528,0.0749232,25,6515.89,10011.9,235.419,0,36,L1D,0,0,0,19,16,0.57,0.19,0.19,0.05
RMAT_19_16-0.570000-0.190000-0.190000-0.050000,ONPL,524288,8388608,1.40429,39.4468,183537,0.0763555,25,811.886,855.886,197.988,0,36,LL,0,0,0,19,16,0.57,0.19,0.19,0.05
RMAT_19_16-0.570000-0.190000-0.190000-0.050000,OVPL,524288,8388608,7.55533,63.0298,183528,0.073773,25,6329.4,6669.4,223.205,0,36,LL,0,0,0,19,16,0.57,0.19,0.19,0.05
RMAT_19_16-0.570000-0.190000-0.190000-0.050000,MPLM,524288,8388608,1.52574,41.2518,183533,0.0750058,25,938.893,1003.89,193.606,0,36,LL,0,0,0,19,16,0.57,0.19,0.19,0.05
RMAT_19_16-0.570000-0.190000-0.190000-0.050000,PLP,524288,8388608,0.266297,7.4431,183508,1.78813e-05,25,0,263,0,0,36,LL,0,0,0,19,16,0.57,0.19,0.19,0.05
RMAT_19_16-0.570000-0.190000-0.190000-0.050000,MPLP,524288,8388608,0.245642,6.84896,183508,1.78813e-05,25,0,185,0,0,36,LL,0,0,6.9e-08,19,16,0.57,0.19,0.19,0.05
RMAT_19_16-0.570000-0.190000-0.190000-0.050000,ONLP,524288,8388608,0.1407,3.78981,183508,1.78813e-05,25,0,85,0,0,36,LL,0,0,1.25e-07,19,16,0.57,0.19,0.19,0.05
RMAT_19_16-0.400000-0.300000-0.200000-0.100000,PLM,524288,8388608,9.21168,157.244,6106,0.126935,25,7549.1,8661.1,193.194,0,36,L1D,0,0,0,19,16,0.4,0.3,0.2,0.1
RMAT_19_16-0.400000-0.300000-0.200000-0.100000,ONPL,524288,8388608,0.986208,25.0734,6112,0.130212,25,468.138,514.138,181.882,0,36,LL,0,0,0,19,16,0.4,0.3,0.2,0.1
RMAT_19_16-0.400000-0.300000-0.200000-0.100000,OVPL,524288,8388608,3.28267,63.0096,6123,0.126479,25,2269.08,2462.08,191.455,0,36,LL,0,0,0,19,16,0.4,0.3,0.2,0.1
RMAT_19_16-0.330000-0.330000-0.330000-0.010000,PLM,524288,8388608,15.2519,192.059,26089,0.112853,25,4856.73,14161.7,428.849,0,36,L1D,0,0,0,19,16,0.33,0.33,0.33,0.01
RMAT_19_16-0.400000-0.300000-0.200000-0.100000,MPLM,524288,8388608,1.1615,30.0056,6116,0.129973,25,595.924,680.924,191.713,0,36,LL,0,0,0,19,16,0.4,0.3,0.2,0.1
RMAT_19_16-0.400000-0.300000-0.200000-0.100000,PLP,524288,8388608,0.156575,4.66539,6092,2.38419e-07,25,0,155,0,0,36,LL,0,0,0,19,16,0.4,0.3,0.2,0.1
RMAT_19_16-0.400000-0.300000-0.200000-0.100000,MPLP,524288,8388608,0.161221,4.60067,6092,2.38419e-07,25,0,115,0,0,36,LL,0,0,5.5e-08,19,16,0.4,0.3,0.2,0.1
RMAT_19_16-0.400000-0.300000-0.200000-0.100000,ONLP,524288,8388608,0.110304,3.28648,6092,2.38419e-07,25,0,65,0,0,36,LL,0,0,8.5e-08,19,16,0.4,0.3,0.2,0.1
RMAT_19_16-0.330000-0.330000-0.330000-0.010000,ONPL,524288,8388608,1.84185,42.7436,26087,0.115787,25,656.676,854.676,356.741,0,36,LL,0,0,0,19,16,0.33,0.33,0.33,0.01
RMAT_19_16-0.330000-0.330000-0.330000-0.010000,OVPL,524288,8388608,4.50017,66.7423,26089,0.113012,25,2994.06,3328.06,389.593,0,36,LL,0,0,0,19,16,0.33,0.33,0.33,0.01
RMAT_19_16-0.330000-0.330000-0.330000-0.010000,MPLM,524288,8388608,1.7367,42.882,26087,0.114775,25,698.907,911.907,251.48,0,36,LL,0,0,0,19,16,0.33,0.33,0.33,0.01
RMAT_19_16-0.330000-0.330000-0.330000-0.010000,PLP,524288,8388608,0.190019,6.7833,26078,0,25,0,188,0,0,36,LL,0,0,0,19,16,0.33,0.33,0.33,0.01
RMAT_19_16-0.330000-0.330000-0.330000-0.010000,MPLP,524288,8388608,0.168572,5.66406,26079,-7.10543e-15,25,0,134,0,0,36,LL,0,0,9.3e-08,19,16,0.33,0.33,0.33,0.01
RMAT_19_16-0.330000-0.330000-0.330000-0.010000,ONLP,524288,8388608,0.0946222,3.19816,26078,0,25,0,66,0,0,36,LL,0,0,5.4e-08,19,16,0.33,0.33,0.33,0.01
RMAT_19_64-0.330000-0.330000-0.330000-0.010000,PLM,524288,33554432,21.6553,164.894,3204,0.113699,25,20483.3,20486.3,472.265,0,36,L1D,0,0,0,19,64,0.33,0.33,0.33,0.01
RMAT_19_64-0.330000-0.330000-0.330000-0.010000,ONPL,524288,33554432,3.41135,89.2873,3206,0.114805,25,2340.54,2340.54,436.676,0,36,LL,0,0,0,19,64,0.33,0.33,0.33,0.01
RMAT_19_64-0.330000-0.330000-0.330000-0.010000,OVPL,524288,33554432,5.93333,66.8745,3206,0.108852,25,4268.13,4268.13,523.067,0,36,LL,0,0,0,19,64,0.33,0.33,0.33,0.01
RMAT_19_64-0.330000-0.330000-0.330000-0.010000,MPLM,524288,33554432,3.01923,75.1627,3205,0.114222,25,1967.35,1967.35,455.975,0,36,LL,0,0,0,19,64,0.33,0.33,0.33,0.01
RMAT_19_64-0.330000-0.330000-0.330000-0.010000,PLP,524288,33554432,0.514591,18.0685,3199,0,25,0,511,0,0,36,LL,0,0,0,19,64,0.33,0.33,0.33,0.01
RMAT_19_64-0.330000-0.330000-0.330000-0.010000,MPLP,524288,33554432,0.569397,19.0428,3199,0,25,0,492,0,0,36,LL,0,0,5.2e-08,19,64,0.33,0.33,0.33,0.01
RMAT_19_64-0.330000-0.330000-0.330000-0.010000,ONLP,524288,33554432,0.221466,6.31248,3199,0,25,0,144,0,0,36,LL,0,0,5.4e-08,19,64,0.33,0.33,0.33,0.01
RMAT_19_64-0.570000-0.190000-0.190000-0.050000,PLM,524288,33554432,21.8599,145.731,92584,0.0419498,25,20615.3,20640.3,447.162,0,36,L1D,0,0,0,19,64,0.57,0.19,0.19,0.05
RMAT_19_64-0.570000-0.190000-0.190000-0.050000,ONPL,524288,33554432,3.19755,49.3675,92586,0.0427095,25,2046.67,2047.67,454.532,0,36,LL,0,0,0,19,64,0.57,0.19,0.19,0.05
RMAT_19_64-0.400000-0.300000-0.200000-0.100000,PLM,524288,33554432,21.0074,139.989,126,0.0633722,25,20128.9,20130.9,139.392,0,36,L1D,0,0,0,19,64,0.4,0.3,0.2,0.1
RMAT_19_64-0.400000-0.300000-0.200000-0.100000,ONPL,524288,33554432,2.26384,53.2549,120,0.0540973,25,1459.51,1459.51,82.9224,0,36,LL,0,0,0,19,64,0.4,0.3,0.2,0.1
RMAT_19_64-0.400000-0.300000-0.200000-0.100000,OVPL,524288,33554432,5.79077,65.5224,122,0.0556694,25,4389.55,4391.55,106.008,0,36,LL,0,0,0,19,64,0.4,0.3,0.2,0.1
RMAT_19_64-0.400000-0.300000-0.200000-0.100000,MPLM,524288,33554432,1.97152,47.4911,122,0.0568163,25,1203.36,1204.36,90.9652,0,36,LL,0,0,0,19,64,0.4,0.3,0.2,0.1
RMAT_19_64-0.400000-0.300000-0.200000-0.100000,PLP,524288,33554432,0.56049,18.7041,117,0,25,0,558,0,0,36,LL,0,0,0,19,64,0.4,0.3,0.2,0.1
RMAT_19_64-0.400000-0.300000-0.200000-0.100000,MPLP,524288,33554432,0.604764,20.2527,117,0,25,0,555,0,0,36,LL,0,0,9.8e-08,19,64,0.4,0.3,0.2,0.1
RMAT_19_64-0.400000-0.300000-0.200000-0.100000,ONLP,524288,33554432,0.204619,5.99433,117,0,25,0,158,0,0,36,LL,0,0,3.5e-08,19,64,0.4,0.3,0.2,0.1
RMAT_19_128-0.570000-0.190000-0.190000-0.050000,PLM,524288,67108864,40.6401,176.032,58656,0.0352553,25,38579.3,38584.3,776.864,0,36,L1D,0,0,0,19,128,0.57,0.19,0.19,0.05
RMAT_19_128-0.570000-0.190000-0.190000-0.050000,ONPL,524288,67108864,6.33103,71.0585,58658,0.0351464,25,4287.87,4292.87,768.255,0,36,LL,0,0,0,19,128,0.57,0.19,0.19,0.05
RMAT_19_128-0.330000-0.330000-0.330000-0.010000,PLM,524288,67108864,37.4212,183.673,795,0.11436,25,35333.6,35333.6,864.132,0,36,L1D,0,0,0,19,128,0.33,0.33,0.33,0.01
RMAT_19_128-0.330000-0.330000-0.330000-0.010000,ONPL,524288,67108864,5.08319,98.1914,797,0.111176,25,3176.72,3176.72,786.287,0,36,LL,0,0,0,19,128,0.33,0.33,0.33,0.01
